model	objective	gene	status	value
./model.xml	obj	G_b0002	optimal	0.8769972144269719
./model.xml	obj	G_b0003	optimal	0.0
./model.xml	obj	G_b0004	optimal	-5.277390296277174e-16
./model.xml	obj	G_b0007	optimal	0.8769972144269746
./model.xml	obj	G_b0008	optimal	0.8769972144269712
./model.xml	obj	G_b0009	optimal	0.8769972144269618
./model.xml	obj	G_b0010	optimal	0.8769972144269693
./model.xml	obj	G_b0019	optimal	0.8769972144269652
./model.xml	obj	G_b0025	optimal	0.0
./model.xml	obj	G_b0029	optimal	0.0
./model.xml	obj	G_b0030	optimal	0.8769972144269702
./model.xml	obj	G_b0031	optimal	6.321227895429223e-16
./model.xml	obj	G_b0032	optimal	0.876997214426966
./model.xml	obj	G_b0033	optimal	0.8769972144269712
./model.xml	obj	G_b0036	optimal	0.8769972144269649
./model.xml	obj	G_b0037	optimal	0.8769972144269715
./model.xml	obj	G_b0038	optimal	0.8769972144269725
./model.xml	obj	G_b0040	optimal	0.8769972144269677
./model.xml	obj	G_b0046	optimal	0.8769972144269694
./model.xml	obj	G_b0047	optimal	0.8769972144269667
./model.xml	obj	G_b0048	optimal	0.8769972144269675
./model.xml	obj	G_b0049	optimal	0.8769972144269712
./model.xml	obj	G_b0052	optimal	-6.181793993809071e-16
./model.xml	obj	G_b0054	optimal	0.0
./model.xml	obj	G_b0061	optimal	0.876997214426974
./model.xml	obj	G_b0062	optimal	0.876997214426966
./model.xml	obj	G_b0063	optimal	0.8769972144269594
./model.xml	obj	G_b0066	optimal	0.8769972144269629
./model.xml	obj	G_b0067	optimal	0.8769972144269758
./model.xml	obj	G_b0068	optimal	0.876997214426969
./model.xml	obj	G_b0070	optimal	0.876997214426967
./model.xml	obj	G_b0071	optimal	0.0
./model.xml	obj	G_b0072	optimal	0.0
./model.xml	obj	G_b0073	optimal	0.8769972144269724
./model.xml	obj	G_b0074	optimal	3.7464195023424387e-16
./model.xml	obj	G_b0077	optimal	0.8769972144269688
./model.xml	obj	G_b0078	optimal	0.8769972144269744
./model.xml	obj	G_b0084	optimal	-8.773273214868835e-18
./model.xml	obj	G_b0085	optimal	-2.7653236001020953e-17
./model.xml	obj	G_b0086	optimal	3.9829175220975e-17
./model.xml	obj	G_b0087	optimal	0.0
./model.xml	obj	G_b0088	optimal	0.0
./model.xml	obj	G_b0089	optimal	3.72384872764206e-17
./model.xml	obj	G_b0090	optimal	0.0
./model.xml	obj	G_b0091	optimal	3.608402698913233e-16
./model.xml	obj	G_b0092	optimal	0.8769972144269672
./model.xml	obj	G_b0096	optimal	0.0
./model.xml	obj	G_b0099	optimal	0.876997214426973
./model.xml	obj	G_b0103	optimal	-3.5213707407135834e-16
./model.xml	obj	G_b0104	optimal	0.8769972144269744
./model.xml	obj	G_b0109	optimal	1.810250911878355e-13
./model.xml	obj	G_b0110	optimal	0.8769972144269665
./model.xml	obj	G_b0112	optimal	0.876997214426966
./model.xml	obj	G_b0114	optimal	0.8581964695522387
./model.xml	obj	G_b0115	optimal	0.8581964695522466
./model.xml	obj	G_b0116	optimal	0.8408970721550075
./model.xml	obj	G_b0118	optimal	0.876997214426969
./model.xml	obj	G_b0120	optimal	0.8769972144368758
./model.xml	obj	G_b0121	optimal	0.876997214426969
./model.xml	obj	G_b0123	optimal	0.8769972144267638
./model.xml	obj	G_b0124	optimal	0.8769972144269726
./model.xml	obj	G_b0125	optimal	0.8769972144269689
./model.xml	obj	G_b0126	optimal	0.8769972144269685
./model.xml	obj	G_b0131	optimal	0.0
./model.xml	obj	G_b0133	optimal	0.0
./model.xml	obj	G_b0134	optimal	0.0
./model.xml	obj	G_b0142	optimal	5.1010989104625146e-14
./model.xml	obj	G_b0149	optimal	0.8769972144269709
./model.xml	obj	G_b0150	optimal	0.8769972144269675
./model.xml	obj	G_b0151	optimal	0.876997214426967
./model.xml	obj	G_b0152	optimal	0.8769972144269589
./model.xml	obj	G_b0153	optimal	0.8769972144269702
./model.xml	obj	G_b0154	optimal	3.066199656634343e-16
./model.xml	obj	G_b0155	optimal	0.8769950680335948
./model.xml	obj	G_b0158	optimal	0.8769972144269588
./model.xml	obj	G_b0159	optimal	-1.0160198599707317e-16
./model.xml	obj	G_b0160	optimal	0.8769972144269667
./model.xml	obj	G_b0166	optimal	1.6177052545420786e-16
./model.xml	obj	G_b0171	optimal	0.8769972144269744
./model.xml	obj	G_b0173	optimal	2.7514404006944e-16
./model.xml	obj	G_b0174	optimal	-1.2342358335447972e-16
./model.xml	obj	G_b0175	optimal	-7.310114887566558e-16
./model.xml	obj	G_b0179	optimal	0.0
./model.xml	obj	G_b0180	optimal	1.5747460942705797e-16
./model.xml	obj	G_b0181	optimal	-9.034776723315794e-15
./model.xml	obj	G_b0182	optimal	3.974601427147313e-15
./model.xml	obj	G_b0185	optimal	0.0
./model.xml	obj	G_b0186	optimal	0.876997214426976
./model.xml	obj	G_b0197	optimal	0.876997214426969
./model.xml	obj	G_b0198	optimal	0.8769972144269715
./model.xml	obj	G_b0199	optimal	0.8769972144269702
./model.xml	obj	G_b0200	optimal	0.8769972144269726
./model.xml	obj	G_b0207	optimal	0.876997214426974
./model.xml	obj	G_b0211	optimal	0.8769972144269704
./model.xml	obj	G_b0212	optimal	0.8769972144269705
./model.xml	obj	G_b0221	optimal	0.8697742701387974
./model.xml	obj	G_b0222	optimal	0.8769972144269683
./model.xml	obj	G_b0237	optimal	0.8769972144269712
./model.xml	obj	G_b0238	optimal	0.8769972144269724
./model.xml	obj	G_b0241	optimal	0.8769972144269693
./model.xml	obj	G_b0242	optimal	-1.01268295082138e-15
./model.xml	obj	G_b0243	optimal	0.0
./model.xml	obj	G_b0260	optimal	0.8769972144269683
./model.xml	obj	G_b0261	optimal	0.8769972144269709
./model.xml	obj	G_b0268	optimal	0.8769972144269702
./model.xml	obj	G_b0269	optimal	0.8769972144269744
./model.xml	obj	G_b0273	optimal	0.8769972144269702
./model.xml	obj	G_b0306	optimal	0.8769972144269631
./model.xml	obj	G_b0307	optimal	0.8769972144269734
./model.xml	obj	G_b0308	optimal	0.8769972144269722
./model.xml	obj	G_b0311	optimal	0.8769972144269726
./model.xml	obj	G_b0312	optimal	0.8769972144269672
./model.xml	obj	G_b0314	optimal	0.8769972144269722
./model.xml	obj	G_b0315	optimal	0.8769972144269789
./model.xml	obj	G_b0325	optimal	0.8769972144269683
./model.xml	obj	G_b0331	optimal	0.8769972144269719
./model.xml	obj	G_b0333	optimal	0.8769972144269551
./model.xml	obj	G_b0334	optimal	0.8769972144269752
./model.xml	obj	G_b0335	optimal	0.8769972144269677
./model.xml	obj	G_b0336	optimal	0.8769972144269675
./model.xml	obj	G_b0337	optimal	0.8769972144269758
./model.xml	obj	G_b0339	optimal	0.8769972144269707
./model.xml	obj	G_b0340	optimal	0.876997214426969
./model.xml	obj	G_b0341	optimal	0.8769972144269733
./model.xml	obj	G_b0343	optimal	0.8769972144269641
./model.xml	obj	G_b0344	optimal	0.8769972144269746
./model.xml	obj	G_b0347	optimal	0.8769972144269758
./model.xml	obj	G_b0348	optimal	0.8769972144269138
./model.xml	obj	G_b0349	optimal	0.8769972144269631
./model.xml	obj	G_b0350	optimal	0.8769972144269726
./model.xml	obj	G_b0351	optimal	0.8769972144269694
./model.xml	obj	G_b0352	optimal	0.8769972144269665
./model.xml	obj	G_b0353	optimal	0.876997214426971
./model.xml	obj	G_b0355	optimal	0.8769972144269683
./model.xml	obj	G_b0356	optimal	0.8769972144269591
./model.xml	obj	G_b0365	optimal	0.8769972144269748
./model.xml	obj	G_b0366	optimal	0.8769972144269697
./model.xml	obj	G_b0367	optimal	0.8769972144269673
./model.xml	obj	G_b0368	optimal	0.8769972144269675
./model.xml	obj	G_b0369	optimal	-3.0233823582040333e-16
./model.xml	obj	G_b0376	optimal	0.8769972144269719
./model.xml	obj	G_b0381	optimal	0.8769972144268909
./model.xml	obj	G_b0383	optimal	0.8769972144269734
./model.xml	obj	G_b0386	optimal	3.36794987937587e-16
./model.xml	obj	G_b0388	optimal	0.876997214426969
./model.xml	obj	G_b0394	optimal	0.8769972144269746
./model.xml	obj	G_b0401	optimal	0.8769972144269735
./model.xml	obj	G_b0402	optimal	0.8769972144269723
./model.xml	obj	G_b0403	optimal	0.876997214426969
./model.xml	obj	G_b0404	optimal	0.8769972144269644
./model.xml	obj	G_b0411	optimal	0.8769972144269665
./model.xml	obj	G_b0414	optimal	-3.2822526319540246e-16
./model.xml	obj	G_b0415	optimal	-1.1775223868936092e-13
./model.xml	obj	G_b0417	optimal	-1.99145876104875e-16
./model.xml	obj	G_b0418	optimal	0.8769972144269653
./model.xml	obj	G_b0420	optimal	0.0
./model.xml	obj	G_b0421	optimal	1.6254844029263363e-17
./model.xml	obj	G_b0423	optimal	0.0
./model.xml	obj	G_b0425	optimal	0.8769972144269631
./model.xml	obj	G_b0428	optimal	0.8769972144269672
./model.xml	obj	G_b0429	optimal	0.7776142830847719
./model.xml	obj	G_b0430	optimal	0.7776142830890671
./model.xml	obj	G_b0431	optimal	0.7776142830847973
./model.xml	obj	G_b0432	optimal	0.7776142831265236
./model.xml	obj	G_b0433	optimal	0.8769972144269665
./model.xml	obj	G_b0444	optimal	0.876997214426967
./model.xml	obj	G_b0446	optimal	0.8769972144271828
./model.xml	obj	G_b0451	optimal	0.8769972144269642
./model.xml	obj	G_b0452	optimal	0.869774270138806
./model.xml	obj	G_b0459	optimal	0.8769972144269672
./model.xml	obj	G_b0462	optimal	0.8769972144269707
./model.xml	obj	G_b0463	optimal	0.8769972144269672
./model.xml	obj	G_b0465	optimal	0.876997214426966
./model.xml	obj	G_b0469	optimal	0.8769972144269588
./model.xml	obj	G_b0474	optimal	0.8769949942192852
./model.xml	obj	G_b0475	optimal	0.8769972144269724
./model.xml	obj	G_b0477	optimal	0.8769972144269726
./model.xml	obj	G_b0480	optimal	0.8769972144269683
./model.xml	obj	G_b0484	optimal	0.8769972144269677
./model.xml	obj	G_b0485	optimal	0.876997214426973
./model.xml	obj	G_b0493	optimal	0.876997214426971
./model.xml	obj	G_b0494	optimal	0.876997214426974
./model.xml	obj	G_b0505	optimal	0.8769972144269672
./model.xml	obj	G_b0507	optimal	0.8769972144269702
./model.xml	obj	G_b0508	optimal	0.8769972144269722
./model.xml	obj	G_b0509	optimal	0.8769972144269675
./model.xml	obj	G_b0511	optimal	0.8769972144269713
./model.xml	obj	G_b0512	optimal	0.8769972144269698
./model.xml	obj	G_b0514	optimal	0.8769972144269733
./model.xml	obj	G_b0515	optimal	0.8769972144269658
./model.xml	obj	G_b0516	optimal	0.8769972144269683
./model.xml	obj	G_b0517	optimal	0.8769972144269709
./model.xml	obj	G_b0521	optimal	0.8728824162136298
./model.xml	obj	G_b0522	optimal	-4.714996076173602e-16
./model.xml	obj	G_b0523	optimal	3.6172974718477965e-15
./model.xml	obj	G_b0524	optimal	-2.8708630947452725e-16
./model.xml	obj	G_b0529	optimal	0.8675361014258328
./model.xml	obj	G_b0543	optimal	0.8769972144269712
./model.xml	obj	G_b0572	optimal	0.8769972144269677
./model.xml	obj	G_b0573	optimal	0.8769972144269665
./model.xml	obj	G_b0574	optimal	0.8769972144269688
./model.xml	obj	G_b0575	optimal	0.8769972144269591
./model.xml	obj	G_b0576	optimal	0.8769972144269644
./model.xml	obj	G_b0577	optimal	0.8769972144269683
./model.xml	obj	G_b0578	optimal	0.8769972144269691
./model.xml	obj	G_b0583	optimal	0.876997214426969
./model.xml	obj	G_b0584	optimal	0.8769972144269672
./model.xml	obj	G_b0585	optimal	0.8769972144269694
./model.xml	obj	G_b0586	optimal	0.8769972144269631
./model.xml	obj	G_b0588	optimal	0.876997214426974
./model.xml	obj	G_b0589	optimal	0.8769972144269701
./model.xml	obj	G_b0590	optimal	0.8769972144303178
./model.xml	obj	G_b0591	optimal	0.8769972144269631
./model.xml	obj	G_b0592	optimal	0.8769972144269632
./model.xml	obj	G_b0593	optimal	0.8769972144269594
./model.xml	obj	G_b0594	optimal	0.8769972144269722
./model.xml	obj	G_b0595	optimal	0.8769972144269723
./model.xml	obj	G_b0596	optimal	0.8769972144368758
./model.xml	obj	G_b0597	optimal	0.8769972144269711
./model.xml	obj	G_b0604	optimal	0.8769972144269693
./model.xml	obj	G_b0605	optimal	0.8769972144269667
./model.xml	obj	G_b0606	optimal	0.8769972144269738
./model.xml	obj	G_b0612	optimal	0.8769972144269652
./model.xml	obj	G_b0613	optimal	0.8769972144269677
./model.xml	obj	G_b0614	optimal	0.8769972144269715
./model.xml	obj	G_b0615	optimal	0.8769972144269752
./model.xml	obj	G_b0616	optimal	0.876997214426973
./model.xml	obj	G_b0617	optimal	0.8769972144269746
./model.xml	obj	G_b0621	optimal	0.876997214426973
./model.xml	obj	G_b0622	optimal	0.8769972144269645
./model.xml	obj	G_b0624	optimal	0.8769972144269644
./model.xml	obj	G_b0628	optimal	0.8769972144269675
./model.xml	obj	G_b0630	optimal	0.8769972144269735
./model.xml	obj	G_b0632	optimal	0.8769972144269712
./model.xml	obj	G_b0635	optimal	-4.2122289520744413e-16
./model.xml	obj	G_b0638	optimal	0.8769972144269733
./model.xml	obj	G_b0639	optimal	0.0
./model.xml	obj	G_b0641	optimal	2.7388475742636093e-16
./model.xml	obj	G_b0650	optimal	0.876997214426967
./model.xml	obj	G_b0651	optimal	0.8769972144269691
./model.xml	obj	G_b0652	optimal	0.8769972144269712
./model.xml	obj	G_b0653	optimal	0.8769972144269618
./model.xml	obj	G_b0654	optimal	0.8769972144269694
./model.xml	obj	G_b0655	optimal	0.8769972144269752
./model.xml	obj	G_b0657	optimal	0.8769972144269786
./model.xml	obj	G_b0662	optimal	0.8769972144269735
./model.xml	obj	G_b0674	optimal	0.8769972144269752
./model.xml	obj	G_b0675	optimal	0.8769972144269723
./model.xml	obj	G_b0677	optimal	0.8769972144269683
./model.xml	obj	G_b0678	optimal	0.8769972144269644
./model.xml	obj	G_b0679	optimal	0.8769972144269683
./model.xml	obj	G_b0681	optimal	0.8769972144269723
./model.xml	obj	G_b0684	optimal	0.8769972144269667
./model.xml	obj	G_b0688	optimal	0.8769972144269758
./model.xml	obj	G_b0692	optimal	0.8769972144269677
./model.xml	obj	G_b0693	optimal	0.876997214426973
./model.xml	obj	G_b0696	optimal	0.8769972144269786
./model.xml	obj	G_b0697	optimal	0.8769972144269726
./model.xml	obj	G_b0698	optimal	0.8769972144269683
./model.xml	obj	G_b0709	optimal	0.8769972144269734
./model.xml	obj	G_b0720	optimal	-2.0083180059042703e-15
./model.xml	obj	G_b0721	optimal	0.8418157926999577
./model.xml	obj	G_b0722	optimal	0.8418157926999632
./model.xml	obj	G_b0723	optimal	0.8418157926999612
./model.xml	obj	G_b0724	optimal	0.8418157926999567
./model.xml	obj	G_b0726	optimal	0.8633703561644549
./model.xml	obj	G_b0727	optimal	0.8633703561644689
./model.xml	obj	G_b0728	optimal	0.8651154798175299
./model.xml	obj	G_b0729	optimal	0.8651154798175161
./model.xml	obj	G_b0731	optimal	0.8769972144269688
./model.xml	obj	G_b0732	optimal	0.8769972144269715
./model.xml	obj	G_b0733	optimal	0.8769972144269789
./model.xml	obj	G_b0734	optimal	0.8769972144269694
./model.xml	obj	G_b0750	optimal	-4.889934486661896e-16
./model.xml	obj	G_b0751	optimal	0.8769972144269743
./model.xml	obj	G_b0752	optimal	0.8769972144269591
./model.xml	obj	G_b0754	optimal	0.8769972144269683
./model.xml	obj	G_b0755	optimal	0.876997214426976
./model.xml	obj	G_b0756	optimal	0.876997214426971
./model.xml	obj	G_b0757	optimal	0.8769972144271828
./model.xml	obj	G_b0758	optimal	0.876997214426974
./model.xml	obj	G_b0759	optimal	0.8769972144269631
./model.xml	obj	G_b0763	optimal	0.876997214426974
./model.xml	obj	G_b0764	optimal	0.876997214426973
./model.xml	obj	G_b0765	optimal	0.8769972144269746
./model.xml	obj	G_b0766	optimal	0.8769972144269672
./model.xml	obj	G_b0767	optimal	0.8733978405117898
./model.xml	obj	G_b0774	optimal	0.0
./model.xml	obj	G_b0775	optimal	6.776263096586254e-15
./model.xml	obj	G_b0776	optimal	0.0
./model.xml	obj	G_b0777	optimal	0.0
./model.xml	obj	G_b0778	optimal	1.093848141563643e-17
./model.xml	obj	G_b0781	optimal	0.8769972144269746
./model.xml	obj	G_b0783	optimal	0.8769972144269688
./model.xml	obj	G_b0784	optimal	0.8769972144269647
./model.xml	obj	G_b0785	optimal	0.8769972144269647
./model.xml	obj	G_b0789	optimal	0.8769972144269591
./model.xml	obj	G_b0805	optimal	0.8769972144269675
./model.xml	obj	G_b0808	optimal	0.8769972144269711
./model.xml	obj	G_b0809	optimal	0.876997214426965
./model.xml	obj	G_b0810	optimal	0.8769972144269618
./model.xml	obj	G_b0811	optimal	0.8769972144269652
./model.xml	obj	G_b0813	optimal	0.8769972144269694
./model.xml	obj	G_b0819	optimal	0.8769972144269698
./model.xml	obj	G_b0822	optimal	0.8769972144269641
./model.xml	obj	G_b0825	optimal	0.8769972144269709
./model.xml	obj	G_b0826	optimal	0.8769972144269723
./model.xml	obj	G_b0827	optimal	0.8769972144269722
./model.xml	obj	G_b0828	optimal	0.8769972144269677
./model.xml	obj	G_b0829	optimal	0.876997214426973
./model.xml	obj	G_b0830	optimal	0.8769972144269621
./model.xml	obj	G_b0831	optimal	0.8769972144269583
./model.xml	obj	G_b0832	optimal	0.876997214426967
./model.xml	obj	G_b0837	optimal	0.8769972144269715
./model.xml	obj	G_b0839	optimal	0.8769972144269693
./model.xml	obj	G_b0841	optimal	0.8769972144269642
./model.xml	obj	G_b0842	optimal	0.8769972144269672
./model.xml	obj	G_b0844	optimal	0.8769972144269652
./model.xml	obj	G_b0849	optimal	0.8769972144269758
./model.xml	obj	G_b0854	optimal	0.8769972144269675
./model.xml	obj	G_b0855	optimal	0.8769972144269658
./model.xml	obj	G_b0856	optimal	0.8769972144269673
./model.xml	obj	G_b0857	optimal	0.8769972144269675
./model.xml	obj	G_b0860	optimal	0.8769972144270028
./model.xml	obj	G_b0861	optimal	0.8769972144269651
./model.xml	obj	G_b0862	optimal	0.8769972144269685
./model.xml	obj	G_b0863	optimal	0.8769972144269723
./model.xml	obj	G_b0864	optimal	0.8769972144269752
./model.xml	obj	G_b0867	optimal	0.8769972144269651
./model.xml	obj	G_b0870	optimal	0.8769947315394458
./model.xml	obj	G_b0871	optimal	0.8769972144269715
./model.xml	obj	G_b0874	optimal	0.8769972144269722
./model.xml	obj	G_b0875	optimal	0.8769972144269675
./model.xml	obj	G_b0886	optimal	0.876997214426976
./model.xml	obj	G_b0887	optimal	0.8769972144269745
./model.xml	obj	G_b0888	optimal	0.8769972144269644
./model.xml	obj	G_b0894	optimal	0.8769972144269688
./model.xml	obj	G_b0895	optimal	0.8769972144269674
./model.xml	obj	G_b0896	optimal	0.8769972144269724
./model.xml	obj	G_b0902	optimal	0.8769972144269644
./model.xml	obj	G_b0903	optimal	0.8769972144269698
./model.xml	obj	G_b0904	optimal	0.8769972144269725
./model.xml	obj	G_b0905	optimal	0.8769972144269729
./model.xml	obj	G_b0907	optimal	0.8593895486743861
./model.xml	obj	G_b0908	optimal	-5.1278707870962496e-14
./model.xml	obj	G_b0910	optimal	0.8752954684189205
./model.xml	obj	G_b0914	optimal	2.3212674713429624e-16
./model.xml	obj	G_b0915	optimal	0.0
./model.xml	obj	G_b0918	optimal	0.0
./model.xml	obj	G_b0925	optimal	0.8769972144269673
./model.xml	obj	G_b0928	optimal	0.8769972144269725
./model.xml	obj	G_b0929	optimal	0.8769972144269688
./model.xml	obj	G_b0931	optimal	0.8769972144269695
./model.xml	obj	G_b0932	optimal	0.8769972144269695
./model.xml	obj	G_b0933	optimal	0.8769972144269712
./model.xml	obj	G_b0934	optimal	0.8769972144269631
./model.xml	obj	G_b0935	optimal	0.876997214426975
./model.xml	obj	G_b0936	optimal	0.8769972144269709
./model.xml	obj	G_b0937	optimal	0.8769972144269735
./model.xml	obj	G_b0945	optimal	0.8769972144269703
./model.xml	obj	G_b0954	optimal	0.8769972144269672
./model.xml	obj	G_b0957	optimal	0.8769972144269672
./model.xml	obj	G_b0963	optimal	0.8769972144269648
./model.xml	obj	G_b0968	optimal	0.8769972144368758
./model.xml	obj	G_b0972	optimal	0.876997214426974
./model.xml	obj	G_b0973	optimal	0.8769972144269709
./model.xml	obj	G_b0974	optimal	0.8769972144269631
./model.xml	obj	G_b0978	optimal	0.8769972144269683
./model.xml	obj	G_b0979	optimal	0.8769972144269719
./model.xml	obj	G_b0980	optimal	0.876997214426974
./model.xml	obj	G_b0996	optimal	0.8769972144269726
./model.xml	obj	G_b0997	optimal	0.8769972144269669
./model.xml	obj	G_b1002	optimal	0.8769972144269677
./model.xml	obj	G_b1004	optimal	0.8769972144269712
./model.xml	obj	G_b1006	optimal	0.8769972144269651
./model.xml	obj	G_b1007	optimal	0.8769972144269724
./model.xml	obj	G_b1008	optimal	0.8769972144269675
./model.xml	obj	G_b1009	optimal	0.8769972144269688
./model.xml	obj	G_b1010	optimal	0.8769972144269709
./model.xml	obj	G_b1011	optimal	0.8769972144269675
./model.xml	obj	G_b1012	optimal	0.876997214426973
./model.xml	obj	G_b1014	optimal	0.8769972144269715
./model.xml	obj	G_b1015	optimal	0.8769972144269688
./model.xml	obj	G_b1019	optimal	0.8769972144269738
./model.xml	obj	G_b1021	optimal	0.8769972144269618
./model.xml	obj	G_b1022	optimal	0.8769972144269712
./model.xml	obj	G_b1025	optimal	0.8769972144269675
./model.xml	obj	G_b1033	optimal	0.8769972144269702
./model.xml	obj	G_b1054	optimal	0.8769972144269708
./model.xml	obj	G_b1059	optimal	0.8769972144269591
./model.xml	obj	G_b1062	optimal	0.0
./model.xml	obj	G_b1064	optimal	0.8769972144269675
./model.xml	obj	G_b1069	optimal	-5.068438412057016e-16
./model.xml	obj	G_b1090	optimal	0.8769972144269675
./model.xml	obj	G_b1091	optimal	0.0
./model.xml	obj	G_b1092	optimal	0.0
./model.xml	obj	G_b1093	optimal	0.0
./model.xml	obj	G_b1094	optimal	0.0
./model.xml	obj	G_b1095	optimal	0.8769972144269709
./model.xml	obj	G_b1096	optimal	0.8769972144269647
./model.xml	obj	G_b1097	optimal	0.8769972144269672
./model.xml	obj	G_b1098	optimal	0.0
./model.xml	obj	G_b1101	optimal	0.8769972144269675
./model.xml	obj	G_b1102	optimal	0.8769972144269758
./model.xml	obj	G_b1103	optimal	0.8769972144269677
./model.xml	obj	G_b1106	optimal	0.8769972144269703
./model.xml	obj	G_b1107	optimal	0.8769972144269632
./model.xml	obj	G_b1109	optimal	0.8769972144269601
./model.xml	obj	G_b1113	optimal	0.8769972144269745
./model.xml	obj	G_b1119	optimal	0.8769972144269665
./model.xml	obj	G_b1123	optimal	0.8769972145058429
./model.xml	obj	G_b1124	optimal	0.8769972144269718
./model.xml	obj	G_b1125	optimal	0.8769972144269715
./model.xml	obj	G_b1126	optimal	0.8769972144269654
./model.xml	obj	G_b1131	optimal	4.881154235498654e-16
./model.xml	obj	G_b1134	optimal	0.8769972144269729
./model.xml	obj	G_b1136	optimal	7.78557452528383e-17
./model.xml	obj	G_b1185	optimal	0.876997214426967
./model.xml	obj	G_b1186	optimal	0.8769972144269715
./model.xml	obj	G_b1189	optimal	0.876997214426969
./model.xml	obj	G_b1190	optimal	0.8769972144269683
./model.xml	obj	G_b1192	optimal	0.8769972144269744
./model.xml	obj	G_b1193	optimal	0.8769972144269786
./model.xml	obj	G_b1197	optimal	0.8769972144269675
./model.xml	obj	G_b1198	optimal	0.8769972144269723
./model.xml	obj	G_b1199	optimal	0.8769972144269723
./model.xml	obj	G_b1200	optimal	0.8769972144269743
./model.xml	obj	G_b1206	optimal	0.8769972144269746
./model.xml	obj	G_b1207	optimal	0.8769972144269675
./model.xml	obj	G_b1208	optimal	0.0
./model.xml	obj	G_b1210	optimal	0.0
./model.xml	obj	G_b1215	optimal	2.168135796756956e-15
./model.xml	obj	G_b1216	optimal	0.8769972144269715
./model.xml	obj	G_b1223	optimal	0.8769972144269748
./model.xml	obj	G_b1224	optimal	0.8769972144269722
./model.xml	obj	G_b1225	optimal	0.8769972144269672
./model.xml	obj	G_b1226	optimal	0.8769972144269665
./model.xml	obj	G_b1227	optimal	0.8769972144269619
./model.xml	obj	G_b1232	optimal	0.8769972144269673
./model.xml	obj	G_b1236	optimal	0.8769972144269675
./model.xml	obj	G_b1238	optimal	0.8769972144269658
./model.xml	obj	G_b1241	optimal	0.8769972144269743
./model.xml	obj	G_b1243	optimal	0.8769972144269677
./model.xml	obj	G_b1244	optimal	0.8769972144269672
./model.xml	obj	G_b1245	optimal	0.8769972144269719
./model.xml	obj	G_b1246	optimal	0.8769972144269789
./model.xml	obj	G_b1247	optimal	0.8769972144269688
./model.xml	obj	G_b1249	optimal	0.8769972144269688
./model.xml	obj	G_b1250	optimal	0.8769972144269738
./model.xml	obj	G_b1252	optimal	0.876997214426969
./model.xml	obj	G_b1260	optimal	0.0
./model.xml	obj	G_b1261	optimal	-9.113169064027916e-17
./model.xml	obj	G_b1262	optimal	0.0
./model.xml	obj	G_b1263	optimal	3.5719927290087653e-16
./model.xml	obj	G_b1264	optimal	0.0
./model.xml	obj	G_b1270	optimal	0.8769972144269688
./model.xml	obj	G_b1276	optimal	0.8769972144269652
./model.xml	obj	G_b1277	optimal	6.565190768459478e-17
./model.xml	obj	G_b1278	optimal	0.8769972144269744
./model.xml	obj	G_b1281	optimal	-1.6927399468914375e-16
./model.xml	obj	G_b1285	optimal	0.8769972144269688
./model.xml	obj	G_b1288	optimal	2.4080868173063703e-16
./model.xml	obj	G_b1291	optimal	0.8769972144269665
./model.xml	obj	G_b1296	optimal	0.8769972144269652
./model.xml	obj	G_b1297	optimal	0.8769972144269709
./model.xml	obj	G_b1298	optimal	0.8769972144269665
./model.xml	obj	G_b1300	optimal	0.876997214426969
./model.xml	obj	G_b1301	optimal	0.8769972144269698
./model.xml	obj	G_b1302	optimal	0.8769972144269784
./model.xml	obj	G_b1308	optimal	0.8769972144269743
./model.xml	obj	G_b1317	optimal	0.8769972144269637
./model.xml	obj	G_b1319	optimal	0.8769972144269707
./model.xml	obj	G_b1325	optimal	0.8769972144269677
./model.xml	obj	G_b1326	optimal	0.8769972144269705
./model.xml	obj	G_b1329	optimal	0.8769972144269683
./model.xml	obj	G_b1330	optimal	0.8769972144269619
./model.xml	obj	G_b1336	optimal	0.876997214426976
./model.xml	obj	G_b1337	optimal	0.8769972144269715
./model.xml	obj	G_b1338	optimal	0.8769972144269683
./model.xml	obj	G_b1341	optimal	0.8769972144269675
./model.xml	obj	G_b1363	optimal	0.8769972144269731
./model.xml	obj	G_b1377	optimal	0.8769972144269709
./model.xml	obj	G_b1378	optimal	0.8769075284668413
./model.xml	obj	G_b1380	optimal	0.8769972144269604
./model.xml	obj	G_b1385	optimal	0.8769972144269752
./model.xml	obj	G_b1386	optimal	0.8769972144269672
./model.xml	obj	G_b1387	optimal	0.8769972144269691
./model.xml	obj	G_b1388	optimal	0.8769972144269688
./model.xml	obj	G_b1389	optimal	0.8769972144269738
./model.xml	obj	G_b1390	optimal	0.8769972144269629
./model.xml	obj	G_b1391	optimal	0.8769972144269677
./model.xml	obj	G_b1392	optimal	0.8769972144269743
./model.xml	obj	G_b1393	optimal	0.8769972144269683
./model.xml	obj	G_b1394	optimal	0.8769972144269743
./model.xml	obj	G_b1395	optimal	0.8769972144269665
./model.xml	obj	G_b1396	optimal	0.8769972144269588
./model.xml	obj	G_b1397	optimal	0.8769972144269654
./model.xml	obj	G_b1398	optimal	0.8769972144269665
./model.xml	obj	G_b1400	optimal	0.8769972144269694
./model.xml	obj	G_b1415	optimal	0.8769972144269722
./model.xml	obj	G_b1430	optimal	0.8769972144269695
./model.xml	obj	G_b1440	optimal	0.8769972144269697
./model.xml	obj	G_b1441	optimal	0.8769972144269719
./model.xml	obj	G_b1442	optimal	0.8769972144269683
./model.xml	obj	G_b1443	optimal	0.8769972144269713
./model.xml	obj	G_b1444	optimal	0.8769972144269744
./model.xml	obj	G_b1448	optimal	0.8769972144269738
./model.xml	obj	G_b1449	optimal	0.8769972144269719
./model.xml	obj	G_b1453	optimal	0.8769972144269688
./model.xml	obj	G_b1463	optimal	0.8769972144269652
./model.xml	obj	G_b1465	optimal	0.8769972144269746
./model.xml	obj	G_b1466	optimal	0.876997214426974
./model.xml	obj	G_b1467	optimal	0.8769972144269689
./model.xml	obj	G_b1468	optimal	0.8769972144269688
./model.xml	obj	G_b1469	optimal	0.8769972144269719
./model.xml	obj	G_b1473	optimal	0.8769972144269744
./model.xml	obj	G_b1474	optimal	0.8769972144269712
./model.xml	obj	G_b1475	optimal	0.8769972144269712
./model.xml	obj	G_b1476	optimal	0.8769972144269619
./model.xml	obj	G_b1478	optimal	0.8769972144269786
./model.xml	obj	G_b1479	optimal	0.8769972144269725
./model.xml	obj	G_b1483	optimal	0.8769972144269694
./model.xml	obj	G_b1484	optimal	0.8769972144269654
./model.xml	obj	G_b1485	optimal	0.8769972144269746
./model.xml	obj	G_b1486	optimal	0.8769972144269631
./model.xml	obj	G_b1487	optimal	0.8769972144269683
./model.xml	obj	G_b1488	optimal	0.8769972144269675
./model.xml	obj	G_b1489	optimal	0.876997214426967
./model.xml	obj	G_b1490	optimal	0.8769972144269621
./model.xml	obj	G_b1492	optimal	0.8769972144269629
./model.xml	obj	G_b1493	optimal	0.8769972144269733
./model.xml	obj	G_b1511	optimal	0.8769683954878486
./model.xml	obj	G_b1513	optimal	0.8769972144269637
./model.xml	obj	G_b1514	optimal	0.8769972144269652
./model.xml	obj	G_b1515	optimal	0.8769972144269631
./model.xml	obj	G_b1516	optimal	0.8769972144269688
./model.xml	obj	G_b1517	optimal	0.8769683954878539
./model.xml	obj	G_b1518	optimal	0.8769683954878582
./model.xml	obj	G_b1519	optimal	0.8769972144269726
./model.xml	obj	G_b1521	optimal	0.8769972144269641
./model.xml	obj	G_b1524	optimal	0.8769972144269725
./model.xml	obj	G_b1525	optimal	0.8769972144269645
./model.xml	obj	G_b1528	optimal	0.876997214426971
./model.xml	obj	G_b1533	optimal	0.876997214426971
./model.xml	obj	G_b1535	optimal	0.8769972144269699
./model.xml	obj	G_b1539	optimal	0.876997214426969
./model.xml	obj	G_b1584	optimal	0.8769972144269746
./model.xml	obj	G_b1587	optimal	0.8769972144269669
./model.xml	obj	G_b1588	optimal	0.8769972144272941
./model.xml	obj	G_b1589	optimal	0.8769972144269675
./model.xml	obj	G_b1590	optimal	0.8769972144269673
./model.xml	obj	G_b1592	optimal	0.8769972144269665
./model.xml	obj	G_b1599	optimal	0.8769972144269725
./model.xml	obj	G_b1600	optimal	0.8769972144269726
./model.xml	obj	G_b1601	optimal	0.8769972144269726
./model.xml	obj	G_b1602	optimal	0.8769972144269726
./model.xml	obj	G_b1603	optimal	0.8769972144269675
./model.xml	obj	G_b1605	optimal	0.8769972144269715
./model.xml	obj	G_b1606	optimal	0.8769972144269694
./model.xml	obj	G_b1611	optimal	0.8769972144269673
./model.xml	obj	G_b1612	optimal	0.8769972144269551
./model.xml	obj	G_b1613	optimal	0.8769972144269631
./model.xml	obj	G_b1616	optimal	0.8769972144269654
./model.xml	obj	G_b1617	optimal	0.8769972144269707
./model.xml	obj	G_b1619	optimal	0.876997214426973
./model.xml	obj	G_b1621	optimal	0.8769972144269715
./model.xml	obj	G_b1622	optimal	0.8769972144269743
./model.xml	obj	G_b1623	optimal	0.8769972144269591
./model.xml	obj	G_b1634	optimal	0.8769972144269723
./model.xml	obj	G_b1636	optimal	0.876997214426966
./model.xml	obj	G_b1638	optimal	0.8769972144269604
./model.xml	obj	G_b1640	optimal	0.8769972144269675
./model.xml	obj	G_b1646	optimal	0.8769972144269672
./model.xml	obj	G_b1651	optimal	0.8769972144269709
./model.xml	obj	G_b1654	optimal	0.876997214426973
./model.xml	obj	G_b1655	optimal	0.8769972144269733
./model.xml	obj	G_b1656	optimal	0.8769972144269709
./model.xml	obj	G_b1661	optimal	0.8769972144269786
./model.xml	obj	G_b1662	optimal	7.309684817627278e-16
./model.xml	obj	G_b1676	optimal	0.8769972144269743
./model.xml	obj	G_b1677	optimal	0.8769972144269675
./model.xml	obj	G_b1678	optimal	0.8769972144269675
./model.xml	obj	G_b1679	optimal	0.8769972144269735
./model.xml	obj	G_b1680	optimal	0.8769972144269651
./model.xml	obj	G_b1681	optimal	0.876997214426974
./model.xml	obj	G_b1682	optimal	0.8769972144269715
./model.xml	obj	G_b1683	optimal	0.8769972144269691
./model.xml	obj	G_b1684	optimal	0.8769972144269738
./model.xml	obj	G_b1686	optimal	0.8769972144269726
./model.xml	obj	G_b1692	optimal	0.8769972144269672
./model.xml	obj	G_b1693	optimal	2.857445828727002e-16
./model.xml	obj	G_b1694	optimal	0.8769972144269729
./model.xml	obj	G_b1695	optimal	0.8697742701388064
./model.xml	obj	G_b1701	optimal	0.8769972144269701
./model.xml	obj	G_b1702	optimal	0.8769972144269551
./model.xml	obj	G_b1704	optimal	0.8769972144269711
./model.xml	obj	G_b1709	optimal	0.8769972144269688
./model.xml	obj	G_b1710	optimal	0.8769972144269675
./model.xml	obj	G_b1711	optimal	0.876997214426973
./model.xml	obj	G_b1723	optimal	0.8769972144269677
./model.xml	obj	G_b1727	optimal	0.8769972144269709
./model.xml	obj	G_b1732	optimal	0.8769972144269731
./model.xml	obj	G_b1733	optimal	0.8769972144269724
./model.xml	obj	G_b1734	optimal	0.8769972144269697
./model.xml	obj	G_b1736	optimal	0.8769972144269693
./model.xml	obj	G_b1737	optimal	0.8769972144269744
./model.xml	obj	G_b1738	optimal	0.8769972144269726
./model.xml	obj	G_b1740	optimal	-1.6927399468914375e-16
./model.xml	obj	G_b1744	optimal	0.8769972144269665
./model.xml	obj	G_b1745	optimal	0.8769972144269675
./model.xml	obj	G_b1746	optimal	0.8769972144269724
./model.xml	obj	G_b1747	optimal	0.8769972144269677
./model.xml	obj	G_b1748	optimal	0.876997214426973
./model.xml	obj	G_b1759	optimal	0.8769972144269647
./model.xml	obj	G_b1761	optimal	0.8769972144269729
./model.xml	obj	G_b1764	optimal	0.8769972144269786
./model.xml	obj	G_b1767	optimal	0.8769972144269665
./model.xml	obj	G_b1768	optimal	0.8769972144269709
./model.xml	obj	G_b1771	optimal	0.8769972144269665
./model.xml	obj	G_b1778	optimal	0.8769972144269631
./model.xml	obj	G_b1779	optimal	0.759442815243892
./model.xml	obj	G_b1781	optimal	0.8769972144269629
./model.xml	obj	G_b1794	optimal	0.8769972144269677
./model.xml	obj	G_b1798	optimal	0.8769972144269709
./model.xml	obj	G_b1800	optimal	0.8769972144269677
./model.xml	obj	G_b1801	optimal	0.87699721442697
./model.xml	obj	G_b1805	optimal	0.8769972144269748
./model.xml	obj	G_b1812	optimal	2.069142281534663e-18
./model.xml	obj	G_b1813	optimal	0.8769972144269719
./model.xml	obj	G_b1814	optimal	0.8769972144269694
./model.xml	obj	G_b1817	optimal	0.8769972144269591
./model.xml	obj	G_b1818	optimal	0.8769972144269675
./model.xml	obj	G_b1819	optimal	0.8769972144269786
./model.xml	obj	G_b1821	optimal	0.8769972144269618
./model.xml	obj	G_b1832	optimal	0.8769972144269613
./model.xml	obj	G_b1849	optimal	0.8769972144269719
./model.xml	obj	G_b1850	optimal	0.8769972144269652
./model.xml	obj	G_b1851	optimal	0.8769972144269744
./model.xml	obj	G_b1852	optimal	0.8733978405117898
./model.xml	obj	G_b1854	optimal	0.8769972144269694
./model.xml	obj	G_b1855	optimal	0.8769972144269654
./model.xml	obj	G_b1856	optimal	0.8769972144269651
./model.xml	obj	G_b1857	optimal	0.8769972144269677
./model.xml	obj	G_b1858	optimal	0.8769972144269591
./model.xml	obj	G_b1859	optimal	0.8769972144269709
./model.xml	obj	G_b1865	optimal	0.8769972144269703
./model.xml	obj	G_b1870	optimal	0.8769972144269652
./model.xml	obj	G_b1872	optimal	0.8769972144269672
./model.xml	obj	G_b1873	optimal	0.876997214426969
./model.xml	obj	G_b1896	optimal	0.8769972144269738
./model.xml	obj	G_b1897	optimal	0.8769972144269644
./model.xml	obj	G_b1900	optimal	0.8769972144269632
./model.xml	obj	G_b1901	optimal	0.8769972144269716
./model.xml	obj	G_b1907	optimal	0.8769972144269738
./model.xml	obj	G_b1912	optimal	0.8769972144269621
./model.xml	obj	G_b1917	optimal	0.8769972144269699
./model.xml	obj	G_b1918	optimal	0.8769972144269688
./model.xml	obj	G_b1919	optimal	0.8769972144269688
./model.xml	obj	G_b1920	optimal	0.8769972144269654
./model.xml	obj	G_b1927	optimal	0.8769972144269694
./model.xml	obj	G_b1967	optimal	0.8769972144269719
./model.xml	obj	G_b1981	optimal	0.8769972144269672
./model.xml	obj	G_b1982	optimal	0.8769972144269591
./model.xml	obj	G_b1985	optimal	0.8769972144269599
./model.xml	obj	G_b1990	optimal	0.8769972144269693
./model.xml	obj	G_b1991	optimal	0.8769972144269726
./model.xml	obj	G_b1992	optimal	0.876997214426969
./model.xml	obj	G_b1993	optimal	0.8769972144269752
./model.xml	obj	G_b2010	optimal	0.8769972144269725
./model.xml	obj	G_b2014	optimal	0.8769972144269694
./model.xml	obj	G_b2019	optimal	0.0
./model.xml	obj	G_b2020	optimal	1.4040763173581472e-16
./model.xml	obj	G_b2021	optimal	-3.143419887417479e-16
./model.xml	obj	G_b2022	optimal	-2.853163611803959e-15
./model.xml	obj	G_b2023	optimal	-3.6841987079401873e-16
./model.xml	obj	G_b2024	optimal	7.298976117453591e-17
./model.xml	obj	G_b2025	optimal	8.1506153377908e-16
./model.xml	obj	G_b2026	optimal	-1.5342856930299277e-16
./model.xml	obj	G_b2027	optimal	0.8769972144269694
./model.xml	obj	G_b2028	optimal	0.8769972144269675
./model.xml	obj	G_b2029	optimal	0.8733978405117913
./model.xml	obj	G_b2032	optimal	0.8769972144269711
./model.xml	obj	G_b2033	optimal	0.8769972144269688
./model.xml	obj	G_b2034	optimal	0.876997214426973
./model.xml	obj	G_b2035	optimal	0.8769972144269709
./model.xml	obj	G_b2036	optimal	0.876997214426969
./model.xml	obj	G_b2037	optimal	0.8769972144269726
./model.xml	obj	G_b2038	optimal	0.8769972144269712
./model.xml	obj	G_b2039	optimal	0.876997214426967
./model.xml	obj	G_b2040	optimal	0.8769972144269644
./model.xml	obj	G_b2041	optimal	0.8769972144269652
./model.xml	obj	G_b2047	optimal	0.8769972144269723
./model.xml	obj	G_b2048	optimal	0.8769972144269665
./model.xml	obj	G_b2049	optimal	0.8769972144269631
./model.xml	obj	G_b2051	optimal	0.8769972144269691
./model.xml	obj	G_b2052	optimal	0.8769972144269652
./model.xml	obj	G_b2053	optimal	0.8769972144269695
./model.xml	obj	G_b2065	optimal	0.8769972144269712
./model.xml	obj	G_b2066	optimal	0.8769972144269664
./model.xml	obj	G_b2091	optimal	0.8769972144269683
./model.xml	obj	G_b2092	optimal	0.8769972144269693
./model.xml	obj	G_b2093	optimal	0.8769972144269657
./model.xml	obj	G_b2094	optimal	0.8769972144269642
./model.xml	obj	G_b2095	optimal	0.8769972144269677
./model.xml	obj	G_b2096	optimal	0.8769972144269693
./model.xml	obj	G_b2097	optimal	0.8769972144269677
./model.xml	obj	G_b2103	optimal	0.0
./model.xml	obj	G_b2104	optimal	0.8769972144269588
./model.xml	obj	G_b2128	optimal	0.8769972144269758
./model.xml	obj	G_b2129	optimal	0.8769972144269651
./model.xml	obj	G_b2130	optimal	0.8769972144269712
./model.xml	obj	G_b2131	optimal	0.8769972144269744
./model.xml	obj	G_b2132	optimal	0.876997214426969
./model.xml	obj	G_b2133	optimal	0.8769972144269655
./model.xml	obj	G_b2134	optimal	0.8769972144269665
./model.xml	obj	G_b2143	optimal	0.8769972144269631
./model.xml	obj	G_b2146	optimal	0.8769972144269675
./model.xml	obj	G_b2147	optimal	0.8769972144269711
./model.xml	obj	G_b2148	optimal	0.8769972144269746
./model.xml	obj	G_b2149	optimal	0.8769972144269665
./model.xml	obj	G_b2150	optimal	0.8769972144269722
./model.xml	obj	G_b2153	optimal	-1.1945206509071991e-16
./model.xml	obj	G_b2154	optimal	0.8769972144269675
./model.xml	obj	G_b2155	optimal	0.876997214426966
./model.xml	obj	G_b2156	optimal	0.8769972144269675
./model.xml	obj	G_b2162	optimal	0.8769972144269672
./model.xml	obj	G_b2164	optimal	0.8769972144269665
./model.xml	obj	G_b2165	optimal	0.8769972144269688
./model.xml	obj	G_b2166	optimal	0.8769972144269591
./model.xml	obj	G_b2167	optimal	0.8769972144269679
./model.xml	obj	G_b2168	optimal	0.8769972144269677
./model.xml	obj	G_b2169	optimal	0.8769972144269672
./model.xml	obj	G_b2170	optimal	0.8769972144269723
./model.xml	obj	G_b2173	optimal	0.8769972144269688
./model.xml	obj	G_b2174	optimal	0.8769972144269726
./model.xml	obj	G_b2175	optimal	0.8769972144269591
./model.xml	obj	G_b2177	optimal	0.8769972144269724
./model.xml	obj	G_b2178	optimal	0.8769972144269701
./model.xml	obj	G_b2179	optimal	0.8769972144269677
./model.xml	obj	G_b2180	optimal	0.8769972144269752
./model.xml	obj	G_b2197	optimal	0.876997214426971
./model.xml	obj	G_b2198	optimal	0.8769972144269674
./model.xml	obj	G_b2199	optimal	0.8769972144269641
./model.xml	obj	G_b2200	optimal	0.8769972144269651
./model.xml	obj	G_b2201	optimal	0.8769972144269683
./model.xml	obj	G_b2202	optimal	0.8769972144269683
./model.xml	obj	G_b2203	optimal	0.8769972144269631
./model.xml	obj	G_b2204	optimal	0.876997214426976
./model.xml	obj	G_b2205	optimal	0.8769972144269672
./model.xml	obj	G_b2206	optimal	0.876997214426967
./model.xml	obj	G_b2210	optimal	0.8769972144269726
./model.xml	obj	G_b2215	optimal	0.8769972144269688
./model.xml	obj	G_b2221	optimal	0.8769972144269671
./model.xml	obj	G_b2222	optimal	0.8769972144269726
./model.xml	obj	G_b2223	optimal	0.8769972144269719
./model.xml	obj	G_b2224	optimal	0.8769972144269726
./model.xml	obj	G_b2232	optimal	0.8769972144269703
./model.xml	obj	G_b2234	optimal	0.876997214426971
./model.xml	obj	G_b2235	optimal	0.8769972144269725
./model.xml	obj	G_b2239	optimal	0.8769972144269712
./model.xml	obj	G_b2240	optimal	0.8769972144269613
./model.xml	obj	G_b2241	optimal	0.8769972144269665
./model.xml	obj	G_b2242	optimal	0.8769972144269672
./model.xml	obj	G_b2243	optimal	0.8769972144269695
./model.xml	obj	G_b2245	optimal	0.8769972144269651
./model.xml	obj	G_b2247	optimal	0.8769972144269652
./model.xml	obj	G_b2251	optimal	0.8769972144269719
./model.xml	obj	G_b2253	optimal	0.8769972144269618
./model.xml	obj	G_b2254	optimal	0.8769972144269746
./model.xml	obj	G_b2255	optimal	0.8769972144269685
./model.xml	obj	G_b2256	optimal	0.8769972144269726
./model.xml	obj	G_b2257	optimal	0.876997214426969
./model.xml	obj	G_b2258	optimal	0.8769972144269712
./model.xml	obj	G_b2260	optimal	0.8769972144269672
./model.xml	obj	G_b2261	optimal	0.8769972144269672
./model.xml	obj	G_b2262	optimal	0.8769972144269712
./model.xml	obj	G_b2263	optimal	0.8769972144269663
./model.xml	obj	G_b2264	optimal	0.8769972144269655
./model.xml	obj	G_b2265	optimal	0.8769972144269722
./model.xml	obj	G_b2276	optimal	0.7586431920374901
./model.xml	obj	G_b2277	optimal	0.7586431920377541
./model.xml	obj	G_b2278	optimal	0.758643192037512
./model.xml	obj	G_b2279	optimal	0.7586431920374905
./model.xml	obj	G_b2280	optimal	0.758643192037488
./model.xml	obj	G_b2281	optimal	0.7586431920374771
./model.xml	obj	G_b2282	optimal	0.7586431920374841
./model.xml	obj	G_b2283	optimal	0.7586431920376112
./model.xml	obj	G_b2284	optimal	0.7586431920374931
./model.xml	obj	G_b2285	optimal	0.758643192037494
./model.xml	obj	G_b2286	optimal	0.7586431920452181
./model.xml	obj	G_b2287	optimal	0.7586431920374991
./model.xml	obj	G_b2288	optimal	0.758643192037489
./model.xml	obj	G_b2290	optimal	0.8769972144269723
./model.xml	obj	G_b2291	optimal	0.8769972144269665
./model.xml	obj	G_b2293	optimal	0.876997214426969
./model.xml	obj	G_b2296	optimal	0.876997214426971
./model.xml	obj	G_b2297	optimal	0.8769972144269621
./model.xml	obj	G_b2302	optimal	0.8769972144269653
./model.xml	obj	G_b2303	optimal	0.8769972144269654
./model.xml	obj	G_b2306	optimal	0.876997214426967
./model.xml	obj	G_b2307	optimal	0.8769972144269651
./model.xml	obj	G_b2308	optimal	0.8769972144269683
./model.xml	obj	G_b2309	optimal	0.8769972145058429
./model.xml	obj	G_b2310	optimal	0.8769972144269735
./model.xml	obj	G_b2312	optimal	1.4189743709808912e-14
./model.xml	obj	G_b2315	optimal	4.309770804386239e-16
./model.xml	obj	G_b2316	optimal	1.6255800980799336e-16
./model.xml	obj	G_b2320	optimal	0.8769955591670618
./model.xml	obj	G_b2323	optimal	0.0
./model.xml	obj	G_b2328	optimal	0.8769972144269672
./model.xml	obj	G_b2329	optimal	9.335769747739086e-17
./model.xml	obj	G_b2341	optimal	0.8769972144269644
./model.xml	obj	G_b2342	optimal	0.8769972144269719
./model.xml	obj	G_b2344	optimal	0.8769972144269631
./model.xml	obj	G_b2361	optimal	0.8769972144269631
./model.xml	obj	G_b2366	optimal	0.876997214426969
./model.xml	obj	G_b2371	optimal	0.8769972144269693
./model.xml	obj	G_b2373	optimal	0.8769972144269719
./model.xml	obj	G_b2374	optimal	0.8769972144269761
./model.xml	obj	G_b2378	optimal	0.8769972144269735
./model.xml	obj	G_b2379	optimal	0.8769972144269672
./model.xml	obj	G_b2388	optimal	0.876997214426973
./model.xml	obj	G_b2392	optimal	0.8769972144269652
./model.xml	obj	G_b2393	optimal	0.8769972144269744
./model.xml	obj	G_b2400	optimal	0.0
./model.xml	obj	G_b2406	optimal	0.8769972144269591
./model.xml	obj	G_b2407	optimal	0.8769972144269677
./model.xml	obj	G_b2411	optimal	0.8769972144269694
./model.xml	obj	G_b2413	optimal	0.8763745949759386
./model.xml	obj	G_b2414	optimal	0.8769972144269675
./model.xml	obj	G_b2415	optimal	0.8675930236571754
./model.xml	obj	G_b2416	optimal	0.8675930236571837
./model.xml	obj	G_b2417	optimal	0.8769972144269677
./model.xml	obj	G_b2418	optimal	0.8769972144269694
./model.xml	obj	G_b2421	optimal	0.8769972144269688
./model.xml	obj	G_b2422	optimal	0.8769972144269647
./model.xml	obj	G_b2423	optimal	0.8769972144269675
./model.xml	obj	G_b2424	optimal	0.8769972144269694
./model.xml	obj	G_b2425	optimal	0.8769972144269695
./model.xml	obj	G_b2428	optimal	0.8769972144269677
./model.xml	obj	G_b2429	optimal	0.87699721442697
./model.xml	obj	G_b2430	optimal	0.8769972144269677
./model.xml	obj	G_b2431	optimal	0.876997214426973
./model.xml	obj	G_b2435	optimal	0.8769972144269746
./model.xml	obj	G_b2436	optimal	0.8769619035706491
./model.xml	obj	G_b2440	optimal	0.8769972144269715
./model.xml	obj	G_b2441	optimal	0.8769972144269667
./model.xml	obj	G_b2458	optimal	0.8769972144269693
./model.xml	obj	G_b2463	optimal	0.876997214426969
./model.xml	obj	G_b2464	optimal	0.8769972144269613
./model.xml	obj	G_b2465	optimal	0.876997214426974
./model.xml	obj	G_b2467	optimal	0.8769972144269665
./model.xml	obj	G_b2470	optimal	0.8769972144269705
./model.xml	obj	G_b2472	optimal	7.71795611774562e-16
./model.xml	obj	G_b2476	optimal	-7.160799136100289e-15
./model.xml	obj	G_b2478	optimal	-5.476511592884063e-16
./model.xml	obj	G_b2480	optimal	0.8769972144269641
./model.xml	obj	G_b2481	optimal	0.8769972144269711
./model.xml	obj	G_b2482	optimal	0.8769972144269677
./model.xml	obj	G_b2483	optimal	0.876997214426969
./model.xml	obj	G_b2484	optimal	0.8769972144269726
./model.xml	obj	G_b2485	optimal	0.8769972144303178
./model.xml	obj	G_b2486	optimal	0.8769972144269726
./model.xml	obj	G_b2487	optimal	0.8769972144269691
./model.xml	obj	G_b2488	optimal	0.8769972144269744
./model.xml	obj	G_b2489	optimal	0.8769972144269675
./model.xml	obj	G_b2490	optimal	0.8769972144269591
./model.xml	obj	G_b2492	optimal	0.8769972144269705
./model.xml	obj	G_b2497	optimal	0.876997214426966
./model.xml	obj	G_b2498	optimal	0.8769972144269719
./model.xml	obj	G_b2499	optimal	7.573937276365389e-15
./model.xml	obj	G_b2500	optimal	0.875752617575656
./model.xml	obj	G_b2501	optimal	0.8769972144269672
./model.xml	obj	G_b2502	optimal	0.8769972144271828
./model.xml	obj	G_b2503	optimal	0.8769972144269758
./model.xml	obj	G_b2507	optimal	-3.098651183135221e-16
./model.xml	obj	G_b2508	optimal	0.8753953372445064
./model.xml	obj	G_b2515	optimal	-9.837888623815907e-17
./model.xml	obj	G_b2518	optimal	0.8769972144269644
./model.xml	obj	G_b2519	optimal	0.8769972144269746
./model.xml	obj	G_b2521	optimal	0.8769972144269694
./model.xml	obj	G_b2523	optimal	0.8769972144269634
./model.xml	obj	G_b2528	optimal	0.8769954065898502
./model.xml	obj	G_b2529	optimal	0.8769954065898616
./model.xml	obj	G_b2530	optimal	5.7431112836255725e-15
./model.xml	obj	G_b2533	optimal	0.8769972144269708
./model.xml	obj	G_b2536	optimal	0.8769972144269583
./model.xml	obj	G_b2538	optimal	0.8769972144269677
./model.xml	obj	G_b2539	optimal	0.8769972144269699
./model.xml	obj	G_b2540	optimal	0.8769972144269619
./model.xml	obj	G_b2541	optimal	0.8769972144269621
./model.xml	obj	G_b2542	optimal	0.876997214426973
./model.xml	obj	G_b2551	optimal	0.8656368615614303
./model.xml	obj	G_b2552	optimal	0.8769972144269672
./model.xml	obj	G_b2557	optimal	-6.9850946519036334e-15
./model.xml	obj	G_b2558	optimal	0.8769972144269677
./model.xml	obj	G_b2563	optimal	0.8769972144269683
./model.xml	obj	G_b2564	optimal	0.0
./model.xml	obj	G_b2574	optimal	4.336136893746844e-12
./model.xml	obj	G_b2578	optimal	0.8769972144269724
./model.xml	obj	G_b2579	optimal	0.8769972144269726
./model.xml	obj	G_b2582	optimal	0.8769972144270032
./model.xml	obj	G_b2585	optimal	5.795306414545082e-16
./model.xml	obj	G_b2587	optimal	0.8769972144269665
./model.xml	obj	G_b2599	optimal	1.8751103525485658e-16
./model.xml	obj	G_b2600	optimal	0.0
./model.xml	obj	G_b2601	optimal	0.8769972144269719
./model.xml	obj	G_b2615	optimal	0.0
./model.xml	obj	G_b2660	optimal	0.8769972144269723
./model.xml	obj	G_b2661	optimal	0.8769972144269709
./model.xml	obj	G_b2662	optimal	0.8769972144269733
./model.xml	obj	G_b2663	optimal	0.8769972144269645
./model.xml	obj	G_b2668	optimal	0.8769972144269719
./model.xml	obj	G_b2670	optimal	0.876997214426974
./model.xml	obj	G_b2675	optimal	0.8769972144269685
./model.xml	obj	G_b2676	optimal	0.8769972144269726
./model.xml	obj	G_b2677	optimal	0.8769972144269709
./model.xml	obj	G_b2678	optimal	0.8769972144269718
./model.xml	obj	G_b2679	optimal	0.8769972144269738
./model.xml	obj	G_b2682	optimal	0.8769972144269688
./model.xml	obj	G_b2683	optimal	0.876997214426973
./model.xml	obj	G_b2687	optimal	3.255416085494735e-17
./model.xml	obj	G_b2688	optimal	0.876997214426976
./model.xml	obj	G_b2690	optimal	0.8769972144269665
./model.xml	obj	G_b2700	optimal	0.8769972144269648
./model.xml	obj	G_b2701	optimal	0.8769972144269694
./model.xml	obj	G_b2702	optimal	0.8769972144269677
./model.xml	obj	G_b2703	optimal	0.8769972144269715
./model.xml	obj	G_b2704	optimal	0.8769972144269723
./model.xml	obj	G_b2705	optimal	0.8769972144269745
./model.xml	obj	G_b2708	optimal	0.8769972144269604
./model.xml	obj	G_b2710	optimal	0.8769972144269694
./model.xml	obj	G_b2711	optimal	0.8769972144269694
./model.xml	obj	G_b2715	optimal	0.8769972144269652
./model.xml	obj	G_b2716	optimal	0.8769972144269672
./model.xml	obj	G_b2719	optimal	0.8769972144269719
./model.xml	obj	G_b2720	optimal	0.876997214426969
./model.xml	obj	G_b2721	optimal	0.8769972144269644
./model.xml	obj	G_b2722	optimal	0.8769972144269688
./model.xml	obj	G_b2723	optimal	0.8769972144269644
./model.xml	obj	G_b2724	optimal	0.8769972144269709
./model.xml	obj	G_b2727	optimal	0.8769972144269746
./model.xml	obj	G_b2738	optimal	0.8769972144269675
./model.xml	obj	G_b2744	optimal	0.8769972144269631
./model.xml	obj	G_b2746	optimal	1.394021132734125e-16
./model.xml	obj	G_b2747	optimal	0.0
./model.xml	obj	G_b2750	optimal	0.0
./model.xml	obj	G_b2751	optimal	-4.3424746228093834e-15
./model.xml	obj	G_b2752	optimal	-9.12949191421203e-17
./model.xml	obj	G_b2762	optimal	-1.2596114737814977e-15
./model.xml	obj	G_b2763	optimal	-3.6254618073491647e-16
./model.xml	obj	G_b2764	optimal	2.020769927625522e-16
./model.xml	obj	G_b2765	optimal	0.8769972144269652
./model.xml	obj	G_b2779	optimal	0.8035669172773638
./model.xml	obj	G_b2780	optimal	3.483468771571131e-17
./model.xml	obj	G_b2781	optimal	0.8769972144269688
./model.xml	obj	G_b2784	optimal	0.8769972144269594
./model.xml	obj	G_b2787	optimal	0.8769972144269711
./model.xml	obj	G_b2788	optimal	0.8769972144269645
./model.xml	obj	G_b2789	optimal	0.8769972144269652
./model.xml	obj	G_b2794	optimal	0.876997214426969
./model.xml	obj	G_b2796	optimal	0.8769972144269631
./model.xml	obj	G_b2797	optimal	0.8769972144269669
./model.xml	obj	G_b2799	optimal	0.876997214426966
./model.xml	obj	G_b2800	optimal	0.8769972144269644
./model.xml	obj	G_b2801	optimal	0.8769972144269618
./model.xml	obj	G_b2802	optimal	0.8769972144269613
./model.xml	obj	G_b2803	optimal	0.8769972144269784
./model.xml	obj	G_b2810	optimal	0.8769972144269672
./model.xml	obj	G_b2813	optimal	0.8769972144269735
./model.xml	obj	G_b2817	optimal	0.8769972144269677
./model.xml	obj	G_b2818	optimal	-2.8282870903784695e-16
./model.xml	obj	G_b2827	optimal	0.0
./model.xml	obj	G_b2835	optimal	0.8769972144269652
./model.xml	obj	G_b2836	optimal	0.8697742701388065
./model.xml	obj	G_b2838	optimal	1.7801180904717875e-16
./model.xml	obj	G_b2841	optimal	0.8769972144269691
./model.xml	obj	G_b2842	optimal	0.8769972144269724
./model.xml	obj	G_b2843	optimal	0.8769972144269648
./model.xml	obj	G_b2866	optimal	0.8769972144269675
./model.xml	obj	G_b2867	optimal	0.8769972144269675
./model.xml	obj	G_b2868	optimal	0.8769972144269711
./model.xml	obj	G_b2871	optimal	0.8769972144269722
./model.xml	obj	G_b2873	optimal	0.8769972144269712
./model.xml	obj	G_b2877	optimal	0.8769972144269735
./model.xml	obj	G_b2882	optimal	0.8769972144269677
./model.xml	obj	G_b2883	optimal	0.876997214426974
./model.xml	obj	G_b2888	optimal	0.8769972144269632
./model.xml	obj	G_b2889	optimal	0.8769972144269726
./model.xml	obj	G_b2893	optimal	0.8769972144269631
./model.xml	obj	G_b2895	optimal	0.8769972144269723
./model.xml	obj	G_b2901	optimal	0.8769972144269725
./model.xml	obj	G_b2903	optimal	0.8768631103828163
./model.xml	obj	G_b2904	optimal	0.8768631103828132
./model.xml	obj	G_b2905	optimal	0.8768631103828128
./model.xml	obj	G_b2906	optimal	0.8769972144269731
./model.xml	obj	G_b2907	optimal	0.8769972144269672
./model.xml	obj	G_b2912	optimal	0.8769972144269672
./model.xml	obj	G_b2913	optimal	0.8593907849260345
./model.xml	obj	G_b2914	optimal	0.8769972144269688
./model.xml	obj	G_b2917	optimal	0.8769972144269712
./model.xml	obj	G_b2918	optimal	0.876997214426967
./model.xml	obj	G_b2919	optimal	0.8769972144269743
./model.xml	obj	G_b2920	optimal	0.87699721442697
./model.xml	obj	G_b2923	optimal	0.87699721442697
./model.xml	obj	G_b2924	optimal	0.8769972144269709
./model.xml	obj	G_b2925	optimal	0.8769972144269685
./model.xml	obj	G_b2926	optimal	0.7594428152439003
./model.xml	obj	G_b2927	optimal	0.8769972144269738
./model.xml	obj	G_b2930	optimal	0.8769972144368758
./model.xml	obj	G_b2933	optimal	0.8769972144269675
./model.xml	obj	G_b2934	optimal	0.8769972144269746
./model.xml	obj	G_b2935	optimal	0.8769972144269651
./model.xml	obj	G_b2937	optimal	0.8769972144269674
./model.xml	obj	G_b2938	optimal	0.8769972144269703
./model.xml	obj	G_b2942	optimal	1.4506789302613405e-16
./model.xml	obj	G_b2943	optimal	0.8769972144269675
./model.xml	obj	G_b2947	optimal	0.8769972144269647
./model.xml	obj	G_b2954	optimal	0.8769972144269683
./model.xml	obj	G_b2957	optimal	0.8769972144269695
./model.xml	obj	G_b2963	optimal	0.8769972144269723
./model.xml	obj	G_b2964	optimal	0.8769972144269675
./model.xml	obj	G_b2965	optimal	0.8769972144269631
./model.xml	obj	G_b2975	optimal	0.8769972144269675
./model.xml	obj	G_b2976	optimal	0.8769972144269649
./model.xml	obj	G_b2979	optimal	0.8769972144269648
./model.xml	obj	G_b2987	optimal	0.8769972144269685
./model.xml	obj	G_b2988	optimal	0.8769972144269683
./model.xml	obj	G_b2989	optimal	0.8769972144269594
./model.xml	obj	G_b2994	optimal	0.8769972144269691
./model.xml	obj	G_b2995	optimal	0.8769972144269668
./model.xml	obj	G_b2996	optimal	0.8769972144269551
./model.xml	obj	G_b2997	optimal	0.876997214426966
./model.xml	obj	G_b3001	optimal	0.8769972144269722
./model.xml	obj	G_b3003	optimal	0.8769972144269631
./model.xml	obj	G_b3005	optimal	0.8769972144269711
./model.xml	obj	G_b3006	optimal	0.8769972144269654
./model.xml	obj	G_b3008	optimal	0.8769972144269664
./model.xml	obj	G_b3011	optimal	0.876997214426971
./model.xml	obj	G_b3012	optimal	0.8769972144269683
./model.xml	obj	G_b3018	optimal	-7.426122993866527e-16
./model.xml	obj	G_b3028	optimal	0.8769972144269694
./model.xml	obj	G_b3029	optimal	0.8769931913397484
./model.xml	obj	G_b3032	optimal	0.8769972144269758
./model.xml	obj	G_b3034	optimal	0.8769972144269675
./model.xml	obj	G_b3035	optimal	0.8769972144269604
./model.xml	obj	G_b3040	optimal	0.0
./model.xml	obj	G_b3041	optimal	3.9815161106093696e-17
./model.xml	obj	G_b3052	optimal	0.876997214426971
./model.xml	obj	G_b3057	optimal	0.876997214426969
./model.xml	obj	G_b3058	optimal	-1.0075189827564922e-16
./model.xml	obj	G_b3059	optimal	0.8769972144269677
./model.xml	obj	G_b3061	optimal	0.8769972144269715
./model.xml	obj	G_b3062	optimal	0.876997214426966
./model.xml	obj	G_b3063	optimal	0.8769972144269744
./model.xml	obj	G_b3070	optimal	0.8769972144269724
./model.xml	obj	G_b3073	optimal	0.8769972144269743
./model.xml	obj	G_b3089	optimal	0.8769972144269645
./model.xml	obj	G_b3091	optimal	0.8769972144269672
./model.xml	obj	G_b3092	optimal	0.8769972144269703
./model.xml	obj	G_b3093	optimal	0.8769972144269655
./model.xml	obj	G_b3114	optimal	0.8769972144269672
./model.xml	obj	G_b3115	optimal	0.8769972144269672
./model.xml	obj	G_b3116	optimal	0.8769972144269675
./model.xml	obj	G_b3117	optimal	0.8769972144269718
./model.xml	obj	G_b3124	optimal	0.8769972144269695
./model.xml	obj	G_b3125	optimal	0.876997214426968
./model.xml	obj	G_b3126	optimal	0.8769972144269709
./model.xml	obj	G_b3127	optimal	0.8769972144269665
./model.xml	obj	G_b3128	optimal	0.8769972144269675
./model.xml	obj	G_b3132	optimal	0.8769972144269688
./model.xml	obj	G_b3137	optimal	0.8769972144269642
./model.xml	obj	G_b3161	optimal	0.8769972144269723
./model.xml	obj	G_b3172	optimal	2.414394684410546e-16
./model.xml	obj	G_b3176	optimal	-1.308312002687151e-16
./model.xml	obj	G_b3177	optimal	0.0
./model.xml	obj	G_b3182	optimal	0.8769972144269631
./model.xml	obj	G_b3187	optimal	-1.7270304998168757e-16
./model.xml	obj	G_b3189	optimal	-4.551143925229856e-16
./model.xml	obj	G_b3196	optimal	0.0
./model.xml	obj	G_b3197	optimal	0.8769972144269675
./model.xml	obj	G_b3198	optimal	4.313189761722777e-16
./model.xml	obj	G_b3199	optimal	1.5627564954942774e-16
./model.xml	obj	G_b3200	optimal	1.016223447562591e-15
./model.xml	obj	G_b3201	optimal	-3.824709179262865e-16
./model.xml	obj	G_b3208	optimal	0.8769972144269699
./model.xml	obj	G_b3212	optimal	0.8769972144269693
./model.xml	obj	G_b3213	optimal	0.876997214426967
./model.xml	obj	G_b3222	optimal	0.876997214426971
./model.xml	obj	G_b3223	optimal	0.8769972144269726
./model.xml	obj	G_b3224	optimal	0.8769972144269744
./model.xml	obj	G_b3225	optimal	0.8769972144269583
./model.xml	obj	G_b3236	optimal	0.8564443669575618
./model.xml	obj	G_b3240	optimal	0.8769972144269712
./model.xml	obj	G_b3241	optimal	0.8769972144269551
./model.xml	obj	G_b3248	optimal	0.8769972144269675
./model.xml	obj	G_b3253	optimal	0.876997214426966
./model.xml	obj	G_b3255	optimal	0.0
./model.xml	obj	G_b3256	optimal	-2.2288622330423e-17
./model.xml	obj	G_b3258	optimal	0.8769972144269675
./model.xml	obj	G_b3265	optimal	0.8769972144269748
./model.xml	obj	G_b3266	optimal	0.87699721442697
./model.xml	obj	G_b3281	optimal	0.8769972144269709
./model.xml	obj	G_b3290	optimal	0.8769972144269743
./model.xml	obj	G_b3291	optimal	0.8769972144269551
./model.xml	obj	G_b3336	optimal	0.8769972144269675
./model.xml	obj	G_b3350	optimal	0.8769972144269709
./model.xml	obj	G_b3359	optimal	0.8769972144269709
./model.xml	obj	G_b3360	optimal	3.69622945154445e-16
./model.xml	obj	G_b3365	optimal	0.8769972144269748
./model.xml	obj	G_b3366	optimal	0.8769972144269701
./model.xml	obj	G_b3367	optimal	0.8769972144269683
./model.xml	obj	G_b3368	optimal	0.0
./model.xml	obj	G_b3370	optimal	0.8769972144269723
./model.xml	obj	G_b3371	optimal	0.8769972144269701
./model.xml	obj	G_b3374	optimal	0.8769972144269675
./model.xml	obj	G_b3385	optimal	0.8769972144269658
./model.xml	obj	G_b3386	optimal	0.874953498404438
./model.xml	obj	G_b3389	optimal	0.0
./model.xml	obj	G_b3390	optimal	0.8769972144269689
./model.xml	obj	G_b3396	optimal	0.8769972144269735
./model.xml	obj	G_b3397	optimal	0.8769972144269726
./model.xml	obj	G_b3399	optimal	0.8769972144269594
./model.xml	obj	G_b3403	optimal	0.876997214426973
./model.xml	obj	G_b3409	optimal	0.8769972144269722
./model.xml	obj	G_b3412	optimal	0.0
./model.xml	obj	G_b3415	optimal	0.8769972144269723
./model.xml	obj	G_b3416	optimal	0.8769972144269672
./model.xml	obj	G_b3417	optimal	0.8769972144269719
./model.xml	obj	G_b3425	optimal	0.8769972144269697
./model.xml	obj	G_b3426	optimal	0.8769972144269729
./model.xml	obj	G_b3428	optimal	0.876997214426967
./model.xml	obj	G_b3429	optimal	0.8769972144269715
./model.xml	obj	G_b3430	optimal	0.8769972144269761
./model.xml	obj	G_b3431	optimal	0.8769972144269735
./model.xml	obj	G_b3432	optimal	0.8769972144269703
./model.xml	obj	G_b3433	optimal	-1.7304864179260532e-18
./model.xml	obj	G_b3437	optimal	0.8769972144269709
./model.xml	obj	G_b3447	optimal	0.8769972144269708
./model.xml	obj	G_b3449	optimal	0.8769972144269712
./model.xml	obj	G_b3450	optimal	0.8769972144269551
./model.xml	obj	G_b3451	optimal	0.876997214426971
./model.xml	obj	G_b3452	optimal	0.8769972144269726
./model.xml	obj	G_b3453	optimal	0.8769972144269647
./model.xml	obj	G_b3454	optimal	0.8769972144269685
./model.xml	obj	G_b3455	optimal	0.8769972144269645
./model.xml	obj	G_b3456	optimal	0.8769972144269725
./model.xml	obj	G_b3457	optimal	0.8769972144269672
./model.xml	obj	G_b3458	optimal	0.8769972144269631
./model.xml	obj	G_b3460	optimal	0.876997214426973
./model.xml	obj	G_b3469	optimal	0.8769972144269735
./model.xml	obj	G_b3475	optimal	0.8769972144269746
./model.xml	obj	G_b3476	optimal	0.8769972144269724
./model.xml	obj	G_b3477	optimal	0.8769972144269752
./model.xml	obj	G_b3478	optimal	0.8769972144269998
./model.xml	obj	G_b3479	optimal	0.8769972144269631
./model.xml	obj	G_b3480	optimal	0.876997214426966
./model.xml	obj	G_b3488	optimal	0.8769972144269693
./model.xml	obj	G_b3493	optimal	0.8769972144269669
./model.xml	obj	G_b3496	optimal	0.8769972144269726
./model.xml	obj	G_b3500	optimal	0.8769972144269725
./model.xml	obj	G_b3502	optimal	0.8769972144269744
./model.xml	obj	G_b3503	optimal	0.8769972144269725
./model.xml	obj	G_b3517	optimal	0.8769972144269738
./model.xml	obj	G_b3519	optimal	0.8769972144269731
./model.xml	obj	G_b3525	optimal	0.8769972144269645
./model.xml	obj	G_b3526	optimal	0.8769972144269784
./model.xml	obj	G_b3528	optimal	0.8769972144269752
./model.xml	obj	G_b3540	optimal	0.8769972144269683
./model.xml	obj	G_b3541	optimal	0.8769972144269604
./model.xml	obj	G_b3542	optimal	0.8769972144269733
./model.xml	obj	G_b3543	optimal	0.8769972144269665
./model.xml	obj	G_b3544	optimal	0.8769972144269688
./model.xml	obj	G_b3546	optimal	0.8769972144269712
./model.xml	obj	G_b3551	optimal	0.8769972144269677
./model.xml	obj	G_b3553	optimal	0.8769972144269679
./model.xml	obj	G_b3564	optimal	0.8769972144269634
./model.xml	obj	G_b3565	optimal	0.8769972144269693
./model.xml	obj	G_b3566	optimal	0.8769972144269752
./model.xml	obj	G_b3567	optimal	0.876997214426973
./model.xml	obj	G_b3568	optimal	0.8769972144269738
./model.xml	obj	G_b3571	optimal	0.8769972144368758
./model.xml	obj	G_b3572	optimal	0.8769972144269761
./model.xml	obj	G_b3575	optimal	0.8769972144269645
./model.xml	obj	G_b3577	optimal	0.8769972144269631
./model.xml	obj	G_b3578	optimal	0.8769972144269683
./model.xml	obj	G_b3579	optimal	0.8769972144270032
./model.xml	obj	G_b3580	optimal	0.8769972144269695
./model.xml	obj	G_b3581	optimal	0.8769972144269693
./model.xml	obj	G_b3582	optimal	0.8769972144269688
./model.xml	obj	G_b3583	optimal	0.8769972144269551
./model.xml	obj	G_b3588	optimal	0.87699721442697
./model.xml	obj	G_b3589	optimal	0.8769972144269724
./model.xml	obj	G_b3590	optimal	0.8769972144269631
./model.xml	obj	G_b3599	optimal	0.8769972144269702
./model.xml	obj	G_b3600	optimal	0.8769972144269789
./model.xml	obj	G_b3603	optimal	0.8769972144269677
./model.xml	obj	G_b3605	optimal	0.8769972144269647
./model.xml	obj	G_b3607	optimal	3.955189028264618e-15
./model.xml	obj	G_b3608	optimal	0.8766533613913108
./model.xml	obj	G_b3610	optimal	0.8769972144269669
./model.xml	obj	G_b3612	optimal	0.8769972144269629
./model.xml	obj	G_b3614	optimal	0.8769972144269685
./model.xml	obj	G_b3616	optimal	0.8769972144269651
./model.xml	obj	G_b3617	optimal	0.8769972144269744
./model.xml	obj	G_b3619	optimal	0.8769972144269599
./model.xml	obj	G_b3620	optimal	0.8769972144269675
./model.xml	obj	G_b3621	optimal	0.8769972144269712
./model.xml	obj	G_b3622	optimal	0.8769972144269683
./model.xml	obj	G_b3623	optimal	0.8769972144269677
./model.xml	obj	G_b3624	optimal	0.8769972144269694
./model.xml	obj	G_b3625	optimal	0.8769972144269654
./model.xml	obj	G_b3626	optimal	0.8769972144269683
./model.xml	obj	G_b3627	optimal	0.8769972144269735
./model.xml	obj	G_b3628	optimal	0.876997214426976
./model.xml	obj	G_b3629	optimal	0.8769972144269675
./model.xml	obj	G_b3630	optimal	0.8769972144269651
./model.xml	obj	G_b3631	optimal	0.8769972144269786
./model.xml	obj	G_b3632	optimal	0.8769972144269551
./model.xml	obj	G_b3633	optimal	-5.581391166938324e-16
./model.xml	obj	G_b3634	optimal	0.0
./model.xml	obj	G_b3639	optimal	-2.2191359181262653e-17
./model.xml	obj	G_b3640	optimal	0.8769972144269618
./model.xml	obj	G_b3642	optimal	1.411246145498121e-14
./model.xml	obj	G_b3648	optimal	1.1497097944154479e-15
./model.xml	obj	G_b3650	optimal	0.8769972144269746
./model.xml	obj	G_b3653	optimal	0.8769972144269634
./model.xml	obj	G_b3654	optimal	0.8769972144269715
./model.xml	obj	G_b3656	optimal	0.8769972144269652
./model.xml	obj	G_b3662	optimal	0.8769972144269599
./model.xml	obj	G_b3664	optimal	0.8769972144269641
./model.xml	obj	G_b3665	optimal	0.8769972144269735
./model.xml	obj	G_b3666	optimal	0.8769972144269712
./model.xml	obj	G_b3670	optimal	0.876997214426966
./model.xml	obj	G_b3671	optimal	0.8769972144269719
./model.xml	obj	G_b3679	optimal	0.8769972144269644
./model.xml	obj	G_b3691	optimal	0.8769972144269719
./model.xml	obj	G_b3693	optimal	0.8769972144269677
./model.xml	obj	G_b3697	optimal	0.8769972144269688
./model.xml	obj	G_b3708	optimal	0.8767628721873891
./model.xml	obj	G_b3709	optimal	0.8769972144269632
./model.xml	obj	G_b3713	optimal	0.8769972144269675
./model.xml	obj	G_b3714	optimal	0.8769972144269724
./model.xml	obj	G_b3715	optimal	0.8769972144269695
./model.xml	obj	G_b3721	optimal	0.8769972144269691
./model.xml	obj	G_b3722	optimal	0.876997214426966
./model.xml	obj	G_b3725	optimal	0.876997214426966
./model.xml	obj	G_b3726	optimal	0.8769972144269677
./model.xml	obj	G_b3727	optimal	0.8769972144368758
./model.xml	obj	G_b3728	optimal	0.8769972144269703
./model.xml	obj	G_b3729	optimal	1.928106013022684e-17
./model.xml	obj	G_b3730	optimal	-6.541560013435756e-17
./model.xml	obj	G_b3731	optimal	0.28493292327333675
./model.xml	obj	G_b3732	optimal	0.28493292327333497
./model.xml	obj	G_b3733	optimal	0.2849329232733375
./model.xml	obj	G_b3734	optimal	0.2849329232745652
./model.xml	obj	G_b3735	optimal	0.28493292327333847
./model.xml	obj	G_b3736	optimal	0.28493292327342046
./model.xml	obj	G_b3737	optimal	0.28493292325671454
./model.xml	obj	G_b3738	optimal	0.28493292327318975
./model.xml	obj	G_b3739	optimal	0.8769972144269665
./model.xml	obj	G_b3744	optimal	0.8769972144269632
./model.xml	obj	G_b3747	optimal	0.8769972144269654
./model.xml	obj	G_b3748	optimal	0.8769972144269744
./model.xml	obj	G_b3749	optimal	0.8769972144269723
./model.xml	obj	G_b3750	optimal	0.8769972144269665
./model.xml	obj	G_b3751	optimal	0.8769972144269597
./model.xml	obj	G_b3752	optimal	0.8769972144269722
./model.xml	obj	G_b3770	optimal	-3.9829175220975e-17
./model.xml	obj	G_b3771	optimal	2.5712816862370266e-16
./model.xml	obj	G_b3772	optimal	0.8769972144269629
./model.xml	obj	G_b3774	optimal	0.0
./model.xml	obj	G_b3779	optimal	0.8769972144269786
./model.xml	obj	G_b3781	optimal	0.8769972144269685
./model.xml	obj	G_b3784	optimal	0.876997214426966
./model.xml	obj	G_b3785	optimal	0.8769972144269731
./model.xml	obj	G_b3786	optimal	0.8769972144269675
./model.xml	obj	G_b3787	optimal	0.8769972144269725
./model.xml	obj	G_b3788	optimal	0.8769972144269644
./model.xml	obj	G_b3789	optimal	0.8769972144269726
./model.xml	obj	G_b3790	optimal	0.8769972144269644
./model.xml	obj	G_b3791	optimal	0.8769972144269694
./model.xml	obj	G_b3792	optimal	0.8769972144269677
./model.xml	obj	G_b3793	optimal	0.8769972144269709
./model.xml	obj	G_b3794	optimal	0.8769972144269744
./model.xml	obj	G_b3804	optimal	0.0
./model.xml	obj	G_b3805	optimal	0.0
./model.xml	obj	G_b3806	optimal	0.8769972144269722
./model.xml	obj	G_b3809	optimal	2.2452999195839135e-16
./model.xml	obj	G_b3812	optimal	0.8769972144269675
./model.xml	obj	G_b3816	optimal	0.8769961488578343
./model.xml	obj	G_b3821	optimal	0.8769972144269672
./model.xml	obj	G_b3823	optimal	0.8769972144269702
./model.xml	obj	G_b3824	optimal	0.8769972144269677
./model.xml	obj	G_b3825	optimal	0.8769972144269718
./model.xml	obj	G_b3826	optimal	0.8769972144269644
./model.xml	obj	G_b3829	optimal	0.8769972144269613
./model.xml	obj	G_b3831	optimal	0.8769972144269725
./model.xml	obj	G_b3833	optimal	0.8769972144269752
./model.xml	obj	G_b3843	optimal	-2.705910484756846e-15
./model.xml	obj	G_b3844	optimal	0.8751981111051863
./model.xml	obj	G_b3845	optimal	0.8769972144269685
./model.xml	obj	G_b3846	optimal	0.8745229204157225
./model.xml	obj	G_b3849	optimal	0.8769972144269789
./model.xml	obj	G_b3850	optimal	1.9548765380595504e-16
./model.xml	obj	G_b3856	optimal	0.8769972144269719
./model.xml	obj	G_b3857	optimal	0.8769972144269712
./model.xml	obj	G_b3860	optimal	0.8769972144269744
./model.xml	obj	G_b3867	optimal	0.8769972144269712
./model.xml	obj	G_b3870	optimal	-5.4163165936150035e-15
./model.xml	obj	G_b3875	optimal	0.8769972144269642
./model.xml	obj	G_b3876	optimal	0.8769972144269665
./model.xml	obj	G_b3877	optimal	0.8769972144269655
./model.xml	obj	G_b3878	optimal	0.8769972144269694
./model.xml	obj	G_b3880	optimal	0.8769972144269675
./model.xml	obj	G_b3881	optimal	0.8769972144269712
./model.xml	obj	G_b3882	optimal	0.8769972144269591
./model.xml	obj	G_b3883	optimal	0.8769972144269645
./model.xml	obj	G_b3885	optimal	0.8769972144269652
./model.xml	obj	G_b3892	optimal	0.8769972144269744
./model.xml	obj	G_b3893	optimal	0.8769972144269722
./model.xml	obj	G_b3894	optimal	0.8769972144269723
./model.xml	obj	G_b3902	optimal	0.8769972144269726
./model.xml	obj	G_b3903	optimal	0.8769972144269691
./model.xml	obj	G_b3904	optimal	0.8769972144269618
./model.xml	obj	G_b3907	optimal	0.8769972144269724
./model.xml	obj	G_b3908	optimal	0.8769972144269672
./model.xml	obj	G_b3909	optimal	0.8769972144269631
./model.xml	obj	G_b3915	optimal	0.8769972144269712
./model.xml	obj	G_b3916	optimal	0.8769972144270032
./model.xml	obj	G_b3917	optimal	0.8769972144269644
./model.xml	obj	G_b3918	optimal	0.876997214426973
./model.xml	obj	G_b3919	optimal	0.8422625567901227
./model.xml	obj	G_b3924	optimal	0.8769972144269715
./model.xml	obj	G_b3925	optimal	0.8769972144269599
./model.xml	obj	G_b3926	optimal	0.8769972144269672
./model.xml	obj	G_b3927	optimal	0.8769972144269786
./model.xml	obj	G_b3930	optimal	0.876997214426976
./model.xml	obj	G_b3939	optimal	3.9690086336786226e-16
./model.xml	obj	G_b3940	optimal	0.8769972144269677
./model.xml	obj	G_b3941	optimal	-4.57402503360425e-16
./model.xml	obj	G_b3942	optimal	0.8769972144269707
./model.xml	obj	G_b3943	optimal	0.8769972144269675
./model.xml	obj	G_b3945	optimal	0.876997214426974
./model.xml	obj	G_b3946	optimal	0.8769972144269651
./model.xml	obj	G_b3951	optimal	0.8769972144269675
./model.xml	obj	G_b3952	optimal	0.8769972144269733
./model.xml	obj	G_b3956	optimal	0.8745625632766167
./model.xml	obj	G_b3957	optimal	4.279599764070414e-17
./model.xml	obj	G_b3958	optimal	-1.1451013398013615e-16
./model.xml	obj	G_b3959	optimal	-6.454286256740302e-16
./model.xml	obj	G_b3960	optimal	3.395937579173186e-16
./model.xml	obj	G_b3962	optimal	0.8769972144269701
./model.xml	obj	G_b3966	optimal	0.8769972144269677
./model.xml	obj	G_b3967	optimal	2.4893494217184326e-16
./model.xml	obj	G_b3972	optimal	-3.4852267707852114e-16
./model.xml	obj	G_b3974	optimal	0.0
./model.xml	obj	G_b3990	optimal	-1.1451013398013615e-16
./model.xml	obj	G_b3991	optimal	0.0
./model.xml	obj	G_b3992	optimal	0.0
./model.xml	obj	G_b3993	optimal	0.0
./model.xml	obj	G_b3994	optimal	0.0
./model.xml	obj	G_b3996	optimal	0.8769972144269677
./model.xml	obj	G_b3997	optimal	-7.359296559946151e-16
./model.xml	obj	G_b4005	optimal	6.10783687769845e-15
./model.xml	obj	G_b4006	optimal	-4.139582949856249e-15
./model.xml	obj	G_b4013	optimal	-1.1135777689392202e-16
./model.xml	obj	G_b4014	optimal	0.8769972144269685
./model.xml	obj	G_b4015	optimal	0.8769972144269683
./model.xml	obj	G_b4019	optimal	0.8769972144269744
./model.xml	obj	G_b4020	optimal	0.8769972144368758
./model.xml	obj	G_b4024	optimal	0.876997214426967
./model.xml	obj	G_b4025	optimal	0.8696956584514164
./model.xml	obj	G_b4031	optimal	0.876997214426973
./model.xml	obj	G_b4032	optimal	0.8769972144269653
./model.xml	obj	G_b4033	optimal	0.8769972144269709
./model.xml	obj	G_b4034	optimal	0.8769972144269634
./model.xml	obj	G_b4035	optimal	0.8769972144269709
./model.xml	obj	G_b4036	optimal	0.8769972144269694
./model.xml	obj	G_b4039	optimal	0.876997214426967
./model.xml	obj	G_b4040	optimal	2.9604784662576274e-16
./model.xml	obj	G_b4041	optimal	0.8769972144269715
./model.xml	obj	G_b4042	optimal	0.8769972144269744
./model.xml	obj	G_b4053	optimal	0.876997214426966
./model.xml	obj	G_b4054	optimal	0.8769972144269709
./model.xml	obj	G_b4055	optimal	0.8769972144269674
./model.xml	obj	G_b4064	optimal	0.8769972144269618
./model.xml	obj	G_b4067	optimal	0.8769972144269551
./model.xml	obj	G_b4069	optimal	0.8769972144269618
./model.xml	obj	G_b4070	optimal	0.8769972144269719
./model.xml	obj	G_b4071	optimal	0.8769972144269694
./model.xml	obj	G_b4072	optimal	0.8769972144269746
./model.xml	obj	G_b4073	optimal	0.8769972144269724
./model.xml	obj	G_b4077	optimal	0.8769972144269718
./model.xml	obj	G_b4079	optimal	0.8769972144269744
./model.xml	obj	G_b4084	optimal	0.876997214426971
./model.xml	obj	G_b4085	optimal	0.8769972144269588
./model.xml	obj	G_b4086	optimal	0.876997214426971
./model.xml	obj	G_b4087	optimal	0.8769972144269695
./model.xml	obj	G_b4088	optimal	0.8769972144269683
./model.xml	obj	G_b4090	optimal	0.8769972144269715
./model.xml	obj	G_b4092	optimal	0.876997214426971
./model.xml	obj	G_b4093	optimal	0.8769972144269642
./model.xml	obj	G_b4094	optimal	0.8769972144269675
./model.xml	obj	G_b4095	optimal	0.8769972144269722
./model.xml	obj	G_b4096	optimal	0.8769972144269672
./model.xml	obj	G_b4098	optimal	0.8769972144269735
./model.xml	obj	G_b4099	optimal	0.8769972144269712
./model.xml	obj	G_b4100	optimal	0.8769972144269719
./model.xml	obj	G_b4101	optimal	0.8769972144269677
./model.xml	obj	G_b4104	optimal	0.8769972144269591
./model.xml	obj	G_b4105	optimal	0.8769972144269591
./model.xml	obj	G_b4106	optimal	0.8769972144269642
./model.xml	obj	G_b4111	optimal	0.8769972144269719
./model.xml	obj	G_b4115	optimal	0.8769972144269591
./model.xml	obj	G_b4117	optimal	0.8769972144269719
./model.xml	obj	G_b4119	optimal	0.8769972144269677
./model.xml	obj	G_b4120	optimal	0.8769972144269655
./model.xml	obj	G_b4122	optimal	0.8769972144269672
./model.xml	obj	G_b4123	optimal	0.8769972144269712
./model.xml	obj	G_b4129	optimal	0.8769972144269591
./model.xml	obj	G_b4130	optimal	0.8769972144269715
./model.xml	obj	G_b4131	optimal	0.8769972144269682
./model.xml	obj	G_b4132	optimal	0.8769972144269719
./model.xml	obj	G_b4136	optimal	0.8769972144269722
./model.xml	obj	G_b4138	optimal	0.8769972144271828
./model.xml	obj	G_b4139	optimal	0.8769972144269998
./model.xml	obj	G_b4141	optimal	0.8769972144269604
./model.xml	obj	G_b4146	optimal	0.8769972144269591
./model.xml	obj	G_b4151	optimal	0.8769972144269618
./model.xml	obj	G_b4152	optimal	0.876997214426976
./model.xml	obj	G_b4153	optimal	0.8769972144269677
./model.xml	obj	G_b4154	optimal	0.8769972144269588
./model.xml	obj	G_b4159	optimal	0.8769972144269726
./model.xml	obj	G_b4160	optimal	2.612231349871937e-16
./model.xml	obj	G_b4161	optimal	0.8769972144269745
./model.xml	obj	G_b4167	optimal	0.876997214426976
./model.xml	obj	G_b4169	optimal	0.8769972144269699
./model.xml	obj	G_b4173	optimal	0.8769972144269712
./model.xml	obj	G_b4177	optimal	5.650187058409168e-15
./model.xml	obj	G_b4192	optimal	0.8769972144269726
./model.xml	obj	G_b4193	optimal	0.8769972144269746
./model.xml	obj	G_b4194	optimal	0.8769972144269789
./model.xml	obj	G_b4195	optimal	0.8769972144269652
./model.xml	obj	G_b4196	optimal	0.8769972144269726
./model.xml	obj	G_b4197	optimal	0.8769972144269631
./model.xml	obj	G_b4198	optimal	0.8769972144269685
./model.xml	obj	G_b4208	optimal	0.8764818621822265
./model.xml	obj	G_b4209	optimal	0.8769778960277288
./model.xml	obj	G_b4213	optimal	0.8769972144269709
./model.xml	obj	G_b4214	optimal	3.014367763214656e-15
./model.xml	obj	G_b4219	optimal	0.8769972144269729
./model.xml	obj	G_b4226	optimal	0.876997214426966
./model.xml	obj	G_b4227	optimal	0.8769972144269591
./model.xml	obj	G_b4230	optimal	0.876997214426971
./model.xml	obj	G_b4231	optimal	0.8769972144269733
./model.xml	obj	G_b4232	optimal	0.8769972144269713
./model.xml	obj	G_b4233	optimal	0.8769972144269746
./model.xml	obj	G_b4237	optimal	0.8769972144269697
./model.xml	obj	G_b4238	optimal	0.8769094983838875
./model.xml	obj	G_b4239	optimal	0.8769972144269761
./model.xml	obj	G_b4240	optimal	0.876997214426969
./model.xml	obj	G_b4242	optimal	0.8769972144269709
./model.xml	obj	G_b4244	optimal	0.8769972144269677
./model.xml	obj	G_b4245	optimal	1.4318900878350963e-18
./model.xml	obj	G_b4254	optimal	0.8769972144269702
./model.xml	obj	G_b4260	optimal	0.8769972144269719
./model.xml	obj	G_b4261	optimal	0.0
./model.xml	obj	G_b4262	optimal	-1.0374455882204522e-15
./model.xml	obj	G_b4265	optimal	0.8769972144269672
./model.xml	obj	G_b4266	optimal	0.8769972144269709
./model.xml	obj	G_b4267	optimal	0.8769972144269648
./model.xml	obj	G_b4268	optimal	0.8769972144269665
./model.xml	obj	G_b4269	optimal	0.8769972144269138
./model.xml	obj	G_b4287	optimal	0.8769972144269677
./model.xml	obj	G_b4288	optimal	0.8769972144269667
./model.xml	obj	G_b4289	optimal	0.8769972144269715
./model.xml	obj	G_b4290	optimal	0.8769972144269701
./model.xml	obj	G_b4291	optimal	0.8769972144269651
./model.xml	obj	G_b4297	optimal	0.8769972144269723
./model.xml	obj	G_b4298	optimal	0.8769972144269655
./model.xml	obj	G_b4311	optimal	0.8769972144269594
./model.xml	obj	G_b4321	optimal	0.8769972144269634
./model.xml	obj	G_b4322	optimal	0.8769972144269631
./model.xml	obj	G_b4323	optimal	0.8769972144269694
./model.xml	obj	G_b4337	optimal	0.8769972144269712
./model.xml	obj	G_b4352	optimal	0.8769972144269723
./model.xml	obj	G_b4356	optimal	0.8769972144269683
./model.xml	obj	G_b4358	optimal	0.8769972144269652
./model.xml	obj	G_b4367	optimal	0.8769972144269699
./model.xml	obj	G_b4374	optimal	0.8769972144269688
./model.xml	obj	G_b4381	optimal	0.8769972144269702
./model.xml	obj	G_b4382	optimal	0.8769972144269677
./model.xml	obj	G_b4383	optimal	0.8769949942192936
./model.xml	obj	G_b4384	optimal	0.8769949942192877
./model.xml	obj	G_b4386	optimal	0.8769972144269743
./model.xml	obj	G_b4388	optimal	0.8593907849260288
./model.xml	obj	G_b4390	optimal	0.8769972144269675
./model.xml	obj	G_b4392	optimal	0.8769972144269722
./model.xml	obj	G_b4394	optimal	0.8769972144269619
./model.xml	obj	G_b4407	optimal	1.3687256260346623e-15
./model.xml	obj	G_b4460	optimal	0.8769972144269693
./model.xml	obj	G_b4464	optimal	0.8769972144269783
./model.xml	obj	G_b4467	optimal	0.8769972144269637
./model.xml	obj	G_b4468	optimal	0.8769972144269619
./model.xml	obj	G_b4471	optimal	0.8769972144269651
./model.xml	obj	G_b4474	optimal	0.8769972144269674
./model.xml	obj	G_b4476	optimal	0.876997214426974
./model.xml	obj	G_b4477	optimal	0.8769972144269591
./model.xml	obj	G_b4478	optimal	0.8769972144269719
./model.xml	obj	G_b4481	optimal	0.8769972144269655
./model.xml	obj	G_b4485	optimal	0.876997214426971
./model.xml	obj	G_b4513	optimal	0.8769972144269591
./model.xml	obj	G_b4515	optimal	0.8769972144269712
./model.xml	obj	G_b4544	optimal	0.8769972144269743
./model.xml	obj	G_s0001	optimal	-8.20403341437277e-18
